á	á	aa
m.	m.	ks
40	40	ta
eða	eða	c
50	50	ta
%	%	m
af	af	af
launum	laun	nhfþ
háskólakennara	háskólakennari	nkfe
)	)	pa
og	og	c
hver	hver	fsken
er	vera	sfg3en
hlutur	hlutur	nken
þess	sá	fakee
svo	svo	aa
kallaða	kallaður	lkeevf
«	«	pg
marginal	marginal	e
»	»	pg
kostnaðar	kostnaður	nkee
sem	sem	ct
er	vera	sfg3en
það	sá	fahen
sem	sem	ct
við	ég	fp1fn
hér	hér	aa
oftast	oft	aae
skynjum	skynja	sfg1fn
sem	sem	ct
hið	hinn	gheo
eiginlega	eiginlegur	lheovf
rannsóknafé	rannsóknafé	nheo
?	?	pl

Er	vera	sfg3en
ekki	ekki	aa
sannleikurinn	sannleikur	nkeng
sá	sá	faken
að	að	c
miðað	miða	sþghen
við	við	af
fólksfjölda	fólksfjöldi	nkeo
verjum	verja	sfg1fn
við	ég	fp1fn
mjög	mjög	aa
miklu	mikill	lheþsf
opinberu	opinber	lheþsf
fé	fé	nheþ
,	,	pk
sem	sem	ct
flokkast	flokka	sfm3en
til	til	af
rannsókafjár	rannsókafé	nhee
,	,	pk
á	á	af
vissum	viss	lhfþsf
sviðum	svið	nhfþ
(	(	pa
hafrannsóknir	hafrannsóknir	nvfn
og	og	c
fiskiðnaður	fiskiðnaður	nken
t.d.	t.d.	ks
-	-	pa
ekki	ekki	aa
er	vera	sfg1en
ég	ég	fp1en
að	að	cn
gagnrýna	gagnrýna	sng
það	það	fpheo
)	)	pa
,	,	pk
en	en	c
á	á	af
langflestum	langflestur	lhfþse
sviðum	svið	nhfþ
vísinda	vísindi	nhfe
(	(	pa
sem	sem	ct
eru	vera	sfg3fn
í	í	af
raun	raun	nveþ
jafnmörg	jafnmargur	lhfnsf
og	og	c
hjá	hjá	af
stórþjóðum	stórþjóð	nvfþ
)	)	pa
verjum	verja	sfg1fn
við	ég	fp1fn
mjög	mjög	aa
litlu	lítill	lheþsf
fé	fé	nheþ
,	,	pk
og	og	c
vegna	vegna	af
þess	það	fphee
að	að	c
marginalkostnaður	marginalkostnaður	nken
er	vera	sfg3en
vanmetinn	vanmeta	sþgken
eða	eða	c
ekki	ekki	aa
tekið	taka	sþghen
tillit	tillit	nhen
til	til	af
hans	hann	fpkee
og	og	c
rannsóknasjóðir	rannsóknasjóður	nkfn
eru	vera	sfg3fn
í	í	af
svelti	svelti	nheþ
upplifa	upplifa	sfg3fn
mjög	mjög	aa
margir	margur	lkfnsf
í	í	af
rannsóknum	rannsókn	nvfþ
(	(	pa
með	með	af
réttu	réttur	lheþsf
)	)	pa
stöðuna	staða	nveog
sem	sem	ct
afar	afar	aa
slæma	slæmur	lveosf
og	og	c
finnst	finna	sfm3en
fáránlegt	fáránlegur	lhensf
að	að	cn
sjá	sjá	sng
því	það	fpheþ
haldið	halda	sþghen
fram	fram	aa
í	í	af
útreikningum	útreikningur	nkfþ
að	að	c
Ísland	Ísland	nhen-s
sé	vera	svg3en
meðal	meðal	af
fremstu	fremri	lvfeve
þjóða	þjóð	nvfe
í	í	af
heimi	heimur	nkeþ
hvað	hver	fshen
varðar	varða	sfg3en
framlög	framlag	nhfo
til	til	af
rannsókna	rannsókn	nvfe
.	.	pl

Það	það	fphen
er	vera	sfg3en
nokkuð	nokkur	fohen
landlægt	landlægur	lhensf
hér	hér	aa
,	,	pk
eins	eins	aa
og	og	c
við	ég	fp1fn
vitum	vita	sfg1fn
,	,	pk
að	að	cn
vilja	vilja	sng
gjarnan	gjarnan	aa
fara	fara	sng
af	af	af
stað	staður	nkeþ
með	með	af
góð	góður	lhfosf
mál	mál	nhfo
og	og	c
góða	góður	lveosf
starfsemi	starfsemi	nveo
,	,	pk
en	en	c
fást	fá	snm
svo	svo	aa
alls	allur	fohee
ekki	ekki	aa
til	til	af
að	að	cn
borga	borga	sng
allt	allur	foheo
sem	sem	ct
það	það	fphen
kostar	kosta	sfg3en
að	að	c
hún	hún	fpven
geti	geta	svg3en
þrifist	þrífa	sþmhen
.	.	pl

Þegar	þegar	c
þjóðirnar	þjóð	nvfng
í	í	aa
kringum	kringum	af
okkur	ég	fp1fo
setja	setja	sfg3fn
sér	sig	fpvfþ
það	sá	faheo
markmið	markmið	nheo
að	að	cn
fjölga	fjölga	sng
doktorsprófum	doktorspróf	nhfþ
hjá	hjá	af
sér	sig	fpvfþ
,	,	pk
fá	fá	sfg3fn
sjóðir	sjóður	nkfn
og	og	c
háskólar	háskóli	nkfn
fjárveitingar	fjárveiting	nvfo
til	til	af
að	að	cn
standa	standa	sng
straum	straumur	nkeo
af	af	af
því	það	fpheþ
,	,	pk
bæði	bæði	c
með	með	af
styrkjum	styrkur	nkfþ
til	til	af
doktorsnema	doktorsnemi	nkfe
og	og	c
greiðslum	greiðsla	nvfþ
til	til	af
háskóla	háskóli	nkfe
fyrir	fyrir	af
þeirra	hann	fpkfe
framlag	framlag	nheo
,	,	pk
en	en	c
hér	hér	aa
verður	verða	sfg3en
allt	allur	fohen
einhvern	einhver	fokeo
veginn	vegur	nkeog
hálfkarað	hálfkaraður	lhensf
.	.	pl

Þar	þar	aa
að	að	aa
auki	auki	aa
liggur	liggja	sfg3en
ekki	ekki	aa
alltaf	alltaf	aa
ljóst	ljós	lhensf
fyrir	fyrir	aa
hvaða	hvaða	fshen
hlutverk	hlutverk	nhen
hinum	hinn	gkfþ
nýju	nýr	lkfþvf
doktorum	doktor	nkfþ
er	vera	sfg3en
ætlað	ætla	sþghen
.	.	pl

Þrátt	þrátt	aa
fyrir	fyrir	af
erfiðar	erfiður	lvfosf
aðstæður	aðstæður	nvfo
hafa	hafa	sfg3fn
íslenskir	íslenskur	lkfnsf
rannsóknamenn	rannsóknamaður	nkfn
á	á	af
mörgum	margur	lhfþsf
sviðum	svið	nhfþ
náð	ná	sþghen
frábærum	frábær	lkeþsf
árangri	árangur	nkeþ
.	.	pl

Að	að	af
hluta	hluti	nkeþ
til	til	aa
er	vera	sfg3en
það	það	fphen
áreiðanlega	áreiðanlega	aa
vegna	vegna	af
þess	það	fphee
að	að	c
í	í	af
skjóli	skjól	nheþ
fámennis	fámenni	nhee
höfum	hafa	sfg1fn
við	ég	fp1fn
getað	geta	sþghen
látið	láta	sþghen
aðrar	annar	fovfo
þjóðir	þjóð	nvfo
standa	standa	sng
straum	straumur	nkeo
af	af	af
vísindalegri	vísindalegur	lveþsf
menntun	menntun	nveþ
á	á	af
fjölmörgum	fjölmargur	lhfþsf
sviðum	svið	nhfþ
og	og	c
síðan	síðan	aa
notið	njóta	sþghen
góðs	góður	lheesf
af	af	af
þeim	sá	fakeþ
krafti	kraftur	nkeþ
sem	sem	ct
blanda	blanda	nven
fólks	fólk	nhee
með	með	af
menntun	menntun	nveo
úr	úr	af
ólíkum	ólíkur	lvfþsf
áttum	átt	nvfþ
leysir	leysa	sfg3en
úr	úr	af
læðingi	læðingur	nkeþ
.	.	pl

En	en	c
það	það	fphen
er	vera	sfg3en
sannarlega	sannarlega	aa
mál	mál	nhen
til	til	af
komið	koma	sþghen
að	að	c
þetta	þessi	fahen
samfélag	samfélag	nhen
fari	fara	svg3en
líka	líka	aa
að	að	cn
leggja	leggja	sng
meira	mikill	lheovm
fram	fram	aa
sjálft	sjálfur	fbhen
.	.	pl

Nú	nú	aa
eru	vera	sfg3fn
horfur	horfa	nvfn
á	á	af
aukinni	aukinn	lveþsf
rannsóknasamvinnu	rannsóknasamvinna	nveþ
sem	sem	ct
okkur	ég	fp1fþ
gefst	gefa	sfm3en
kostur	kostur	nken
á	á	af
að	að	cn
taka	taka	sng
þátt	þáttur	nkeo
í	í	aa
:	:	pa
norrænn	norrænn	lkensf
rannsóknasjóður	rannsóknasjóður	nken
(	(	pa
sbr.	sbr.	ks
nýlega	nýlegur	lveosf
hvítbók	hvítbók	nveo
Gustav	Gustav	n----s
Björkstrand	Björkstrand	n----s
um	um	af
eflda	efldur	lveosf
rannsóknasamvinnu	rannsóknasamvinna	nveo
Norðurlandaþjóða	Norðurlandaþjóð	nvfe-s
)	)	pa
og	og	c
efld	efldur	lvensf
evrópsk	evrópskur	lvensf
samvinna	samvinna	nven
á	á	af
sviði	svið	nheþ
rannsókna	rannsókn	nvfe
(	(	pa
European	European	n----s
Research	Research	e
Area	Area	e
)	)	pa
.	.	pl

En	en	c
af	af	af
eðlilegum	eðlilegur	lvfþsf
ástæðum	ástæða	nvfþ
verða	verða	sfg3fn
þjóðir	þjóð	nvfn
sem	sem	ct
afla	afla	sfg3fn
fjár	fé	nhee
á	á	af
slíkum	slíkur	fbkeþ
vettvangi	vettvangur	nkeþ
að	að	cn
koma	koma	sng
með	með	af
mótframlög	mótframlag	nhfo
.	.	pl

Það	það	fphen
gæti	geta	svg3eþ
staðið	standa	sþghen
í	í	af
okkur	ég	fp1fþ
að	að	cn
koma	koma	sng
með	með	af
raunveruleg	raunverulegur	lhfosf
mótframlög	mótframlag	nhfo
nema	nema	c
hið	hinn	ghen
«	«	pg
fjrálsa	frjáls	x
»	»	pg
eða	eða	c
«	«	pg
hreyfanlega	hreyfanlegur	lhenvf
»	»	pg
rannsóknafé	rannsóknafé	nhen
verði	verða	svg3en
stóraukið	stórauka	sþghen
.	.	pl

Ég	ég	fp1en
sat	sitja	sfg1eþ
í	í	af
Rannís	Rannís	n-eþ-s
í	í	af
6	6	ta
ár	ár	nhfo
og	og	c
síðustu	síðari	lhfove
árin	ár	nhfog
í	í	af
Forskningspolitisk	Forskningspolitisk	n----s
raad	raad	e
,	,	pk
sem	sem	ct
er	vera	sfg3en
ráðgjafarnefnd	ráðgjafarnefnd	nven
fyrir	fyrir	af
norrænu	norrænn	lveovf
ráðherranefndina	ráðherranefnd	nveog
.	.	pl

Starfið	starf	nheng
á	á	af
þessum	þessi	fakeþ
vettvangi	vettvangur	nkeþ
hefur	hafa	sfg3en
vakið	vekja	sþghen
mig	ég	fp1eo
til	til	af
umhugsunar	umhugsun	nvee
og	og	c
vitundar	vitund	nvee
um	um	af
marga	margur	lkfosf
hluti	hlutur	nkfo
sem	sem	ct
ég	ég	fp1en
sá	sjá	sfg1eþ
frá	frá	af
allt	allur	fohen
öðru	annar	foheþ
og	og	c
þrengra	þröngur	lheþvm
sjónarhorni	sjónarhorn	nheþ
meðan	meðan	c
ég	ég	fp1en
horfði	horfa	sfg1eþ
bara	bara	aa
á	á	af
þá	hann	fpkfo
héðan	héðan	aa
úr	úr	af
háskólanum	háskóli	nkeþg
.	.	pl

Mér	ég	fp1eþ
finnst	finna	sfm3en
ég	ég	fp1en
skulda	skulda	sng
þeim	sá	fakfþ
sem	sem	ct
sendu	senda	sfg3fþ
mig	ég	fp1eo
af	af	af
stað	staður	nkeþ
í	í	af
þennan	þessi	fakeo
leiðangur	leiðangur	nkeo
,	,	pk
sem	sem	ct
nú	nú	aa
er	vera	sfg3en
á	á	af
enda	endi	nkeþ
,	,	pk
um	um	af
stofnanir	stofnun	nvfo
opinberrar	opinber	lveesf
rannsóknastjórnunar	rannsóknastjórnun	nvee
að	að	cn
leggja	leggja	sng
eitthvað	einhver	foheo
til	til	af
umræðunnar	umræða	nveeg
hér	hér	aa
«	«	pg
heima	heima	aa
»	»	pg
í	í	af
H.Í	H.Í	ks
.	.	pl

Við	ég	fp1fn
þurfum	þurfa	sfg1fn
að	að	af
mínum	minn	fekeþ
dómi	dómur	nkeþ
að	að	cn
fá	fá	sng
bæði	bæði	c
rannsóknasvið	rannsóknasvið	nheo
háskólans	háskóli	nkeeg
þar	þar	aa
sem	sem	c
áreiðanlega	áreiðanlega	aa
er	vera	sfg3en
mikil	mikill	lvensf
þekking	þekking	nven
saman	saman	aa
komin	koma	sþgven
og	og	c
Rannís	Rannís	n-eo-s
(	(	pa
nú	nú	aa
Rannsóknamiðstöð	Rannsóknamiðstöð	nveo-s
Íslands	Ísland	nhee-s
)	)	pa
með	með	aa
í	í	af
opna	opinn	lveosf
og	og	c
upplýsta	upplýstur	lveosf
umræðu	umræða	nveo
um	um	af
þessi	þessi	fahfo
mál	mál	nhfo
.	.	pl

Ég	ég	fp1en
held	halda	sfg1en
að	að	c
það	það	fphen
muni	munu	svg3en
á	á	af
endanum	endi	nkeþg
skila	skila	sng
árangri	árangur	nkeþ
.	.	pl

Kveðjur	kveðja	nvfn
,	,	pk
Vésteinn	Vésteinn	nken-s
Ólason	Ólason	nken-s

Frá	frá	af
Kennaraháskóla	Kennaraháskóli	nkeþ-s
Íslands	Ísland	nhee-s
:	:	pa

Páll	Páll	nken-s
Skúlason	Skúlason	nken-s
,	,	pk
rektor	rektor	nken
Háskóla	Háskóli	nkee-s
Íslands	Ísland	nhee-s
,	,	pk
heldur	halda	sfg3en
fyrirlestur	fyrirlestur	nkeo
sem	sem	ct
ber	bera	sfg3en
yfirskriftina	yfirskrift	nveog
:	:	pa

Verkskipting	verkskipting	nven
háskóla	háskóli	nkfe

miðvikudaginn	miðvikudagur	nkeog
17.	17.	ta
desember	desember	nkeo
kl.	kl.	ks
16:15	16:15	ta
í	í	af
salnum	salur	nkeþg
Skriðu	Skriða	nveþ-s
í	í	af
Kennaraháskóla	Kennaraháskóli	nkeþ-s
Íslands	Ísland	nhee-s
við	við	af
Stakkahlíð	Stakkahlíð	nveo-s

Hugleiðingar	hugleiðing	nvfn
um	um	af
háskóla	háskóli	nkfo
í	í	af
ljósi	ljós	nheþ
ólíkra	ólíkur	lvfesf
hugmynda	hugmynd	nvfe
um	um	af
markmið	markmið	nheo
þeirra	hann	fpkfe
,	,	pk
skipulag	skipulag	nheo
og	og	c
starfshætti	starfsháttur	nkfo
.	.	pl

Guðrún	Guðrún	nven-s
J.	J.	ks
Bachmann	Bachmann	nven-s

Ágæta	ágætur	lhenvf
háskólafólk	háskólafólk	nhen
.	.	pl

Ég	ég	fp1en
vil	vilja	sfg1en
þakka	þakka	sng
Vésteini	Vésteinn	nkeþ-s
Ó.	Ó.	ks
fyrir	fyrir	af
afar	afar	aa
málefnalegt	málefnalegur	lheosf
innlegg	innlegg	nheo
í	í	af
umræðuna	umræða	nveog
um	um	af
rannsóknir	rannsókn	nvfo
og	og	c
stöðu	staða	nveo
þeirra	hún	fpvfe
í	í	af
samfélaginu	samfélag	nheþg
.	.	pl

Ég	ég	fp1en
tek	taka	sfg1en
heilshugar	heilshugar	aa
undir	undir	af
uppástungu	uppástunga	nveo
hans	hann	fpkee
að	að	c
litið	líta	sþghen
verði	verða	svg3en
til	til	af
fleiri	margur	lhfevm
atriða	atriði	nhfe
í	í	af
umræðunni	umræða	nveþg
,	,	pk
eins	eins	aa
og	og	c
til	til	af
dæmis	dæmi	nhee
stöðu	staða	nvee
framhaldsnámsins	framhaldsnám	nheeg
í	í	af
háskólasamfélaginu	háskólasamfélag	nheþg
.	.	pl

Vésteinn	Vésteinn	nken-s
nefnir	nefna	sfg3en
einnig	einnig	aa
atriði	atriði	nheo
sem	sem	ct
stendur	standa	sfg3en
hjarta	hjarta	nheþ
mínu	minn	feheþ
nærri	nærri	af
,	,	pk
nefnilega	nefnilega	aa
hvað	hver	fshen
verður	verða	sfg3en
um	um	af
framhaldsnemendur	framhaldsnemandi	nkfo
eftir	eftir	af
að	að	c
náminu	nám	nheþg
lýkur	ljúka	sfg3en
.	.	pl

Við	við	aa
í	í	af
ReykjavíkurAkademíunni	Reykjavíkurakademían	nveþgs
höfum	hafa	sfg1fn
reynt	reyna	sþghen
að	að	cn
koma	koma	sng
þessari	þessi	faveþ
spurningu	spurning	nveþ
á	á	af
framfæri	framfæri	nheo
og	og	c
sýnt	sýna	sþghen
fram	fram	aa
á	á	af
að	að	c
hinn	hinn	gken
örtvaxandi	örtvaxandi	lkenof
hópur	hópur	nken
fólks	fólk	nhee
sem	sem	ct
útskrifast	útskrifa	sfm3en
með	með	af
framhaldsmenntun	framhaldsmenntun	nveo
frá	frá	af
íslenskum	íslenskur	lkfþsf
háskólum	háskóli	nkfþ
eða	eða	c
erlendum	erlendur	lkfþsf
á	eiga	sfg3en
í	í	af
fá	fár	lhfosf
hús	hús	nhfo
að	að	cn
vernda	vernda	sng
.	.	pl

Styrkir	styrkur	nkfn
úr	úr	af
samkeppnissjóðunum	samkeppnissjóður	nkfþg
eins	eins	aa
og	og	c
Rannís	Rannís	n-eþ-s
eru	vera	sfg3fn
fáir	fár	lkfnsf
og	og	c
framlög	framlag	nhfn
í	í	af
þá	hann	fpkfo
hafa	hafa	sfg3fn
í	í	af
raun	raun	nveþ
lækkað	lækka	sþghen
mjög	mjög	aa
mikið	mikið	aa
,	,	pk
sé	vera	svg3en
tekið	taka	sþghen
tillit	tillit	nhen
til	til	af
fjölgunar	fjölgun	nvee
fyrsta	fyrstur	lkeevf
flokks	flokkur	nkee
umsókna	umsókn	nvfe
og	og	c
þróunar	þróun	nvee
verðlags	verðlag	nhee
.	.	pl

Afleiðing	afleiðing	nven
þessa	þessi	fahee
er	vera	sfg3en
sú	sá	faven
,	,	pk
að	að	c
úthlutunarhlutfall	úthlutunarhlutfall	nhen
styrkja	styrkur	nkfe
hefur	hafa	sfg3en
lækkað	lækka	sþghen
stórkostlega	stórkostlega	aa
.	.	pl

Mér	ég	fp1eþ
hefur	hafa	sfg3en
virst	virða	sþmhen
Háskóli	Háskóli	nken-s
Íslands	Ísland	nhee-s
heldur	heldur	c
áhugalaus	áhugalaus	lkensf
um	um	af
vandmálið	vandmál	nheog
sem	sem	ct
við	við	af
blasir	blasa	sfg3en
þessum	þessi	fakeþ
stóra	stór	lkeþvf
hópi	hópur	nkeþ
fræðimanna	fræðimaður	nkfe
og	og	c
fagna	fagna	sfg1en
þess	það	fphee
vegna	vegna	af
orðum	orð	nhfþ
Vésteins	Vésteinn	nkee-s
.	.	pl

Vandamál	vandamál	nhen
háskólastigsins	háskólastig	nheeg
er	vera	sfg3en
vandamál	vandamál	nhen
allra	allur	fokfe
sem	sem	ct
koma	koma	sfg3fn
nálægt	nálægt	af
fræðum	fræði	nhfþ
og	og	c
vísindum	vísindi	nhfþ
.	.	pl

Ef	ef	c
við	ég	fp1fn
stöndum	standa	sfg1fn
ekki	ekki	aa
saman	saman	aa
og	og	c
knýjum	knýja	sfg1fn
á	á	aa
,	,	pk
þá	þá	aa
er	vera	sfg3en
hætt	hættur	lhensf
við	við	af
að	að	c
stjórnvöld	stjórnvald	nhfn
komist	koma	svm3fn
upp	upp	aa
með	með	af
að	að	cn
láta	láta	sng
tímann	tími	nkeog
líða	líða	sng
án	án	af
þess	það	fphee
að	að	cn
móta	móta	sng
framtíðarstefnu	framtíðarstefna	nveo
fyrir	fyrir	af
menningu	menning	nveo
og	og	c
menntir	mennt	nvfo
í	í	af
landinu	land	nheþg
.	.	pl

Ég	ég	fp1en
hvet	hvetja	sfg1en
til	til	af
þess	það	fphee
að	að	c
háskólafólk	háskólafólk	nhen
taki	taka	svg3en
til	til	af
máls	mál	nhee
um	um	af
vandamál	vandamál	nhfo
rannsóknasamfélagsins	rannsóknasamfélag	nheeg
og	og	c
þá	þá	aa
á	á	af
þeim	sá	fakeþ
grundvelli	grundvöllur	nkeþ
sem	sem	ct
Vésteinn	Vésteinn	nken-s
lagði	leggja	sfg3eþ
til	til	aa
.	.	pl

Með	með	af
kveðju	kveðja	nveþ
,	,	pk
Sigurður	Sigurður	nken-s
G.	G.	ks
M.	M.	ks

Sæl	sæll	lhfnsf
veriði	vera	sbg2fn

Það	það	fphen
hefur	hafa	sfg3en
verið	vera	sþghen
fróðlegt	fróðlegur	lhensf
að	að	cn
fylgjast	fylgja	snm
með	með	af
umræðunni	umræða	nveþg
um	um	af
stöðu	staða	nveo
rannsóknasjóðs	rannsóknasjóður	nkee
háskólans	háskóli	nkeeg
og	og	c
það	það	fphen
er	vera	sfg3en
ekki	ekki	aa
annað	annar	foheo
að	að	cn
heyra	heyra	sng
en	en	c
að	að	c
allir	allur	fokfn
séu	vera	svg3fn
sammála	sammála	lkfnof
um	um	af
að	að	c
það	það	fphen
þurfi	þurfa	svg3en
taka	taka	sng
á	á	af
þessum	þessi	fahfþ
málum	mál	nhfþ
hið	hinn	gheo
fyrsta	fyrstur	lheove
.	.	pl

Í	í	af
raun	raun	nveþ
má	mega	sfg3en
segja	segja	sng
að	að	c
þessi	þessi	faven
umræða	umræða	nven
eigi	eiga	svg3en
einnig	einnig	aa
við	við	aa
um	um	af
samkeppnissjóði	samkeppnissjóður	nkfo
RANNÍS	RANNÍS	n-ee-s
.	.	pl

það	það	fphen
er	vera	sfg3en
óþvolandi	óþolandi	x
að	að	cn
heyra	heyra	sng
stjórnmálamenn	stjórnmálamaður	nkfo
og	og	c
aðra	annar	fokfo
embættismenn	embættismaður	nkfo
lýsa	lýsa	sng
því	það	fpheþ
yfir	yfir	aa
hvað	hver	foheo
eftir	eftir	af
annað	annar	foheo
að	að	c
hið	hinn	ghen
opinbera	opinber	lhenvf
á	á	af
Íslandi	Ísland	nheþ-s
veiti	veita	svg3en
hvað	hver	foheo
mest	mikill	lheose
allra	allur	fohfe
landa	land	nhfe
í	í	af
OECD	OECD	n----s
löndum	land	nhfþ
til	til	af
rannsókna	rannsókn	nvfe
og	og	c
þróunnar	þróun	x
á	á	aa
meðan	meðan	c
samkeppnissjóðir	samkeppnissjóður	nkfn
RANNÍS	RANNÍS	n-ee-s
og	og	c
reyndar	reyndar	aa
einnig	einnig	aa
rannsóknasjóður	rannsóknasjóður	nken
HÍ	HÍ	n----s
eru	vera	sfg3fn
nánast	náið	aae
gjaldþrota	gjaldþrota	lkfnof
.	.	pl

Samkeppnissjóðir	samkeppnissjóður	nkfn
RANNÍS	RANNÍS	n-ee-s
eiga	eiga	sfg3fn
að	að	cn
vera	vera	sng
kjölfestusjóðir	kjölfestusjóður	nkfn
fyrir	fyrir	af
frjálsar	frjáls	lvfosf
rannsóknir	rannsókn	nvfo
á	á	af
Íslandi	Ísland	nheþ-s
.	.	pl

Mín	minn	feven
tillaga	tillaga	nven
er	vera	sfg3en
sú	sá	faven
að	að	c
menn	maður	nkfn
fari	fara	svg3fn
nú	nú	aa
að	að	cn
einbeita	einbeita	sng
sér	sig	fpkfþ
að	að	af
því	það	fpheþ
að	að	cn
færa	færa	sng
orð	orð	nhfo
og	og	c
gremju	gremja	nveo
í	í	af
verk	verk	nheo
og	og	c
ýti	ýta	svg3fn
við	við	af
stjórnmálamönnum	stjórnmálamaður	nkfþ
og	og	c
geri	gera	svg3fn
þeim	hann	fpkfþ
grein	grein	nveo
fyrir	fyrir	af
alvarleika	alvarleiki	nkeþ
málsins	mál	nheeg
.	.	pl

Í	í	af
sumar	sumar	nheo
kom	koma	sfg3eþ
saman	saman	aa
hópur	hópur	nken
af	af	af
vísindamanna	vísindamaður	x
í	í	af
heilbrigðis-	heilbrigðisvísindi	kt
og	og	c
lífvísindum	lífvísindi	nhfþ
og	og	c
skrifaði	skrifa	sfg3eþ
greinargerð	greinargerð	nveo
(	(	pa
sjá	sjá	sng
viðhengi	viðhengi	nheo
)	)	pa
um	um	af
stöðu	staða	nveo
samkeppnissjóða	samkeppnissjóður	nkfe
RANNÍS	RANNÍS	n-ee-s
.	.	pl

Greinargerðin	greinargerð	nveng
hefur	hafa	sfg3en
verið	vera	sþghen
kynnt	kynna	sþgven
á	á	af
fundi	fundur	nkeþ
í	í	af
hinu	hinn	gheþ
nýja	nýr	lheþvf
vísinda-	vísindaráð	kt
og	og	c
tækniráði	tækniráð	nheþ
og	og	c
jafnframt	jafnframt	aa
höfum	hafa	sfg1fn
við	ég	fp1fn
sent	senda	sþghen
öllum	allur	fokfþ
þigmönnum	þigmaður	nkfþ
eintak	eintak	nheo
af	af	af
greinargerðinni	greinargerð	nveþg
.	.	pl

Í	í	af
lok	lok	nhfo
nóvember	nóvember	nkee
boðuðum	boða	sfg1fþ
við	ég	fp1fn
til	til	af
málfundar	málfundur	nkee
um	um	af
stöðu	staða	nveo
sjóðanna	sjóður	nkfeg
þar	þar	aa
sem	sem	c
Magnús	Magnús	nken-s
K.	K.	ks
M.	M.	ks
læknir	læknir	nken
hélt	halda	sfg3eþ
erindi	erindi	nheo
um	um	af
stöðu	staða	nveo
mála	mál	nhfe
.	.	pl

Öllum	allur	fokfþ
þingmönnum	þingmaður	nkfþ
var	vera	sfg3eþ
sérstaklega	sérstaklega	aa
boðið	bjóða	sþghen
með	með	af
formlegu	formlegur	lheþsf
bréfi	bréf	nheþ
.	.	pl

Það	það	fphen
er	vera	sfg3en
skemmst	skammur	lhense
frá	frá	af
því	það	fpheþ
að	að	cn
segja	segja	sng
að	að	c
fjölmargir	fjölmargur	lkfnsf
vísindamenn	vísindamaður	nkfn
komu	koma	sfg3fþ
á	á	af
fundinn	fundur	nkeog
en	en	c
ekki	ekki	aa
einn	einn	tfken
einasti	einasti	lkenvf
þingmaður	þingmaður	nken
eða	eða	c
fulltrúi	fulltrúi	nken
þeirra	hann	fpkfe
lét	láta	sfg3eþ
sjá	sjá	sng
sig	sig	fpkeo
sem	sem	c
lýsir	lýsa	sfg3en
kannski	kannski	aa
best	vel	aae
hversu	hversu	aa
miklu	mikill	lheþsf
þingmenn	þingmaður	nkfn
láta	láta	sfg3fn
sig	sig	fpkfo
þessi	þessi	fahfo
mál	mál	nhfo
varða	varða	sng
.	.	pl

Sennilega	sennilega	aa
halda	halda	sfg3fn
þingmenn	þingmaður	nkfn
að	að	c
málefnin	málefni	nhfng
séu	vera	svg3fn
bara	bara	aa
í	í	af
þokkalega	þokkalega	aa
góðum	góður	lkeþsf
farvegi	farvegur	nkeþ
og	og	c
líta	líta	sfg3fn
á	á	af
þessa	þessi	faveo
umræðu	umræða	nveo
sem	sem	ct
enn	enn	aa
eitt	einn	tfheo
tuðið	tuð	nheog
í	í	af
mönnum	maður	nkfþ
sem	sem	ct
eru	vera	sfg3fn
hvort	hvort	c
sem	sem	c
er	vera	sfg3en
alltaf	alltaf	aa
óánægðir	óánægður	lkfnsf
með	með	af
allt	allur	foheo

Þó	þó	aa
að	að	c
ég	ég	fp1en
hafi	hafa	svg1en
nú	nú	aa
ekki	ekki	aa
starfað	starfa	sþghen
lengi	lengi	aa
sem	sem	c
vísindamaður	vísindamaður	nken
á	á	af
Íslandi	Ísland	nheþ-s
þá	þá	aa
er	vera	sfg3en
nú	nú	aa
samt	samt	aa
að	að	cn
renna	renna	sng
upp	upp	aa
fyrir	fyrir	af
mér	ég	fp1eþ
að	að	c
ástandið	ástand	nheng
er	vera	sfg3en
í	í	af
raun	raun	nveþ
ískyggilegt	ískyggilegur	lhensf
og	og	c
ég	ég	fp1en
tek	taka	sfg1en
heilshugar	heilshugar	aa
undir	undir	af
orð	orð	nhfo
Helgu	Helga	nvee-s
Ö.	Ö.	ks
þar	þar	aa
sem	sem	c
hún	hún	fpven
segir	segja	sfg3en
að	að	c
rannsóknatengt	rannsóknatengdur	lhensf
nám	nám	nhen
í	í	af
lífvísindum	lífvísindi	nhfþ
sé	vera	svg3en
u.þ.b.	u.þ.b.	ks
gjaldþrota	gjaldþrota	lhenof
rétt	rétt	aa
í	í	af
þann	sá	fakeo
mund	mundur	nkeo
sem	sem	ct
það	það	fphen
er	vera	sfg3en
að	að	cn
ná	ná	sng
góðum	góður	lkeþsf
þroska	þroski	nkeþ
.	.	pl

Ég	ég	fp1en
leyfi	leyfa	sfg1en
mér	ég	fp1eþ
að	að	cn
fullyrða	fullyrða	sng
að	að	c
ástandið	ástand	nheng
hér	hér	aa
á	á	af
landi	land	nheþ
er	vera	sfg3en
í	í	af
raun	raun	nveþ
verra	verri	lhenvm
en	en	c
í	í	af
þeim	sá	fahfþ
löndum	land	nhfþ
sem	sem	ct
við	ég	fp1fn
gjarna	gjarna	aa
miðum	miða	sfg1fn
okkur	ég	fp1fo
við	við	aa
og	og	c
mér	ég	fp1eþ
finnst	finna	sfm3en
það	það	fphen
í	í	af
raun	raun	nveþ
skylda	skylda	nven
þingmanna	þingmaður	nkfe
að	að	cn
fara	fara	sng
að	að	cn
opna	opna	sng
eyrun	eyra	nhfog
fyrir	fyrir	af
þessari	þessi	faveþ
umræðu	umræða	nveþ
.	.	pl

Bestu	góður	lvfnve
kveðjur	kveðja	nvfn

Þórarinn	Þórarinn	nken-s
G.	G.	ks

Auglýst	auglýsa	sþgven
hefur	hafa	sfg3en
verið	vera	sþghen
laus	laus	lvensf
til	til	af
umsóknar	umsókn	nvee
staða	staða	nven
aðjunkts	aðjunkt	nkee
í	í	af
norrænum	norrænn	lhfþsf
málum	mál	nhfþ
,	,	pk
einkum	einkum	aa
íslensku	íslenska	nveþ
,	,	pk
við	við	af
Uppsalaháskóla	Uppsalaháskóli	nkeo-s
.	.	pl

Ráðið	ráða	sþghen
verður	verða	sfg3en
í	í	af
stöðuna	staða	nveog
frá	frá	af
1.	1.	ta
júlí	júlí	nkeþ
2004	2004	ta
.	.	pl

Umsóknarfrestur	umsóknarfrestur	nken
er	vera	sfg3en
til	til	af
29.	29.	ta
janúar	janúar	nkee
.	.	pl

Auglýsingin	auglýsing	nveng
um	um	af
stöðuna	staða	nveog
er	vera	sfg3en
á	á	af
heimasíðu	heimasíða	nveþ
SSN	SSN	n----s
:	:	pa
www.xxxxx.is	www.xxxxx.is	v
Stofnun	Stofnun	nven-s
Sigurðar	Sigurður	nkee-s
Nordals	Nordal	nkee-s

Ágæta	ágætur	lhenvf
háskólafólk	háskólafólk	nhen

Í	í	af
framhaldi	framhald	nheþ
af	af	af
skrifum	skrif	nhfþ
Vésteins	Vésteinn	nkee-s
Ó.	Ó.	ks
þar	þar	aa
sem	sem	c
kallað	kalla	sþghen
er	vera	sfg3en
á	á	af
umræðu	umræða	nveo
og	og	c
upplýsingar	upplýsing	nvfo
um	um	af
opinbert	opinber	lheosf
rannsóknafé	rannsóknafé	nheo
og	og	c
hvert	hvert	aa
það	það	fphen
fer	fara	sfg3en
bendi	benda	sfg1en
ég	ég	fp1en
á	á	af
fjárlagagreiningu	fjárlagagreining	nveo
hagdeildar	hagdeild	nvee
Rannís	Rannís	n-ee-s
sem	sem	ct
er	vera	sfg3en
nýkominn	nýkominn	lkensf
út	út	aa
.	.	pl

Hægt	hægur	lhensf
er	vera	sfg3en
að	að	cn
nálgast	nálgast	snm
pdf-skjal	pdf-skjal	nheo
með	með	af
greiningunni	greining	nveþg
á	á	af
heimasíðunni	heimasíða	nveþg
www.xxxx.is	www.xxxx.is	v
bestu	góður	lvfnve
kveðjur	kveðja	nvfn
páll	Páll	nken
v	v	nhen
.	.	pl

Kæri	kær	lkenvf
Páll	Páll	nken-s
,	,	pk

Þakka	þakka	sng
þér	þú	fp2eþ
fyrir	fyrir	af
upplýsingarnar	upplýsing	nvfog
.	.	pl

Gott	góður	lhensf
væri	vera	svg3eþ
að	að	cn
fá	fá	sng
greiningu	greining	nveo
á	á	af
því	það	fpheþ
hvernig	hvernig	aa
þær	sá	favfn
fjárveitingar	fjárveiting	nvfn
til	til	af
rannsókna	rannsókn	nvfe
sem	sem	ct
samkvæmt	samkvæmt	af
ykkar	þú	fp2fe
yfirliti	yfirlit	nheþ
(	(	pa
bls.	bls.	ks
8	8	ta
)	)	pa
nema	nema	sfg3fn
4.085	4.085	ta
m.kr.	m.kr.	ks
á	á	af
fjárlögum	fjárlög	nhfþ
ársins	ár	nheeg
2004	2004	ta
skiptast	skipta	sfm3fn
milli	milli	af
menntastofnana	menntastofnun	nvfe
.	.	pl

Mér	ég	fp1eþ
er	vera	sfg3en
lífsins	líf	nheeg
ómögulegt	ómögulegur	lhensf
að	að	cn
fá	fá	sng
þessa	þessi	faveo
tölu	tala	nveo
nema	nema	c
bæta	bæta	sng
við	við	af
fjárveitinguna	fjárveiting	nveog
,	,	pk
sem	sem	ct
nemur	nema	sfg3en
2.543	2.543	ta
m.kr.	m.kr.	ks
,	,	pk
þeim	sá	favfþ
sértekjum	sértekjur	nvfþ
1.481	1.481	ta
m.kr.	m.kr.	ks
sem	sem	ct
háskólastofnunum	háskólastofnun	nvfþ
er	vera	sfg3en
ætlað	ætla	sþghen
að	að	cn
afla	afla	sng
m.a.	m.a.	ks
úr	úr	af
sjóðum	sjóður	nkfþ
Rannís	Rannís	n-ee-s
og	og	c
frá	frá	af
Evrópusambandinu	Evrópusamband	nheþgs
.	.	pl

Er	vera	sfg3en
hugsanlega	hugsanlega	aa
verið	vera	sþghen
að	að	cn
tvítelja	tvítelja	sng
framlag	framlag	nheo
ríkisins	ríki	nheeg
og	og	c
telja	telja	sng
þær	sá	favfo
tekjur	tekja	nvfo
sem	sem	ct
háskólastofnanir	háskólastofnun	nvfn
afla	afla	sfg3fn
sér	sig	fpvfþ
frá	frá	af
þriðja	þriðji	lkeþvf
aðila	aðili	nkeþ
sem	sem	ct
ríkisframlag	ríkisframlag	nheo
?	?	pl

Þess	það	fphee
gætir	gæta	sfg3en
víða	víða	aa
í	í	af
framsetningu	framsetning	nveþ
fjárlaga	fjárlög	nhfe
að	að	c
ekki	ekki	aa
eru	vera	sfg3fn
gerð	gera	sþghfn
ljós	ljós	lhfnsf
skil	skil	nhfn
milli	milli	af
fjárveitinga	fjárveiting	nvfe
og	og	c
sértekna	sértekjur	nvfe
.	.	pl

Á	á	af
blaðsíðu	blaðsíða	nveþ
304-305	304-305	ta
í	í	af
fjárlögum	fjárlög	nhfþ
eru	vera	sfg3fn
fjárveitingar	fjárveiting	nvfn
til	til	af
Háskóla	Háskóli	nkee-s
Íslands	Ísland	nhee-s
taldar	telja	sþgvfn
vera	vera	sng
4.441,6	4.441,6	ta
m.kr.	m.kr.	ks

Þar	þar	aa
er	vera	sfg3en
innifalið	innifalinn	lhensf
framlag	framlag	nhen
Happdrætti	Happdrætti	nhee-s
Háskóla	Háskóli	nkee-s
Íslands	Ísland	nhee-s
til	til	af
byggingaframkvæmda	byggingaframkvæmd	nvfe
og	og	c
ennfremur	ennfremur	aa
skrásetningargjöld	skrásetningargjald	nhfn
sem	sem	ct
nemendur	nemandi	nkfn
greiða	greiða	sfg3fn
.	.	pl

Þegar	þegar	c
kemur	koma	sfg3en
að	að	af
Háskólanum	Háskóli	nkeþgs
í	í	af
Reykjavík	Reykjavík	nveþ-s
og	og	c
Viðskiptaháskólanum	Viðskiptaháskóli	nkeþgs
á	á	af
Bifröst	Bifröst	nveþ-s
eru	vera	sfg3fn
skólagjöld	skólagjald	nhfn
nemenda	nemandi	nkfe
ekki	ekki	aa
talin	telja	sþghfn
með	með	af
heildarfjárveitingu	heildarfjárveiting	nveþ
.	.	pl

Hér	hér	aa
virðist	virða	sfm3en
skorta	skorta	sng
á	á	af
samræmi	samræmi	nheo
.	.	pl

Með	með	af
bestu	góður	lveþve
kveðju	kveðja	nveþ
,	,	pk
Gunnlaugur	Gunnlaugur	nken-s
H.	H.	ks
J.	J.	ks

Góðir	góður	lkfnsf
hi-starf	hi-starf	x
lesendur	lesandi	nkfn
,	,	pk

Mig	ég	fp1eo
langar	langa	sfg3en
að	að	cn
beina	beina	sng
umræðu	umræða	nveþ
um	um	af
rannsóknafé	rannsóknafé	nheo
inn	inn	aa
á	á	af
nýja	nýr	lveosf
braut	braut	nveo
.	.	pl

Auðvitað	auðvitað	aa
þarf	þurfa	sfg3en
að	að	cn
ræða	ræða	sng
um	um	aa
hvernig	hvernig	aa
eigi	eiga	svg3en
að	að	cn
bregðast	bregða	snm
við	við	af
nýjustu	nýr	lvfþve
hremmingum	hremming	nvfþ
,	,	pk
en	en	c
við	ég	fp1fn
þurfum	þurfa	sfg1fn
líka	líka	aa
að	að	cn
horfa	horfa	sng
lengra	langt	aam
.	.	pl

Við	ég	fp1fn
ættum	eiga	svg1fþ
að	að	cn
geta	geta	sng
sótt	sækja	sþghen
þetta	þessi	faheo
mál	mál	nheo
með	með	af
rökum	rök	nhfþ
og	og	c
staðtölum	staðtala	nvfþ
í	í	af
meira	mikill	lkeþvm
mæli	mælir	nkeþ
en	en	c
verið	vera	sþghen
hefur	hafa	sfg3en
.	.	pl

Oftast	oft	aae
heyrir	heyra	sfg3en
maður	maður	nken
bara	bara	aa
ramakvein	ramakvein	nheo
og	og	c
upphrópanir	upphrópun	nvfo
eða	eða	c
tilfinningahlaðnar	tilfinningahlaðinn	lvfosf
alhæfingar	alhæfing	nvfo
um	um	af
mikilvægi	mikilvægi	nheo
rannsókna	rannsókn	nvfe
.	.	pl

Í	í	af
ritinu	rit	nheþg
Forskningspolitikk	Forskningspolitikk	n----s
2/2003	2/2003	ta
,	,	pk
sem	sem	ct
gefið	gefa	sþghen
er	vera	sfg3en
út	út	aa
af	af	af
NIFU	NIFU	n----s
(	(	pa
Norsk	Norsk	n----s
institutt	institutt	e
for	for	e
studier	studier	e
av	av	e
forskning	forskning	e
og	og	e
utdanning	utdanning	e
)	)	pa
,	,	pk
stendur	standa	sfg3en
á	á	af
bls.	bls.	ks
3	3	ta
:	:	pa
«	«	pg
I	I	e
klagesangen	klagesangen	e
over	over	e
lite	lite	e
midler	midler	e
til	til	e
norsk	norsk	e
forskning	forskning	e
,	,	pk
kan	kan	e
det	det	e
være	være	e
viktig	viktig	e
aa	aa	e
minne	minne	e
om	om	e
at	at	e
kun	kun	e
Island	Island	n----s
og	og	e
USA	USA	n----s
bruker	bruker	e
et	et	e
höyere	höyere	e
offentlige	offentlige	e
belöp	belöp	e
til	til	e
FoU	FoU	e
[	[	pa
forskning	forskning	e
og	og	e
utvikling	utvikling	e
]	]	pa
per	per	e
innbygger	innbygger	e
enn	enn	e
Norge	Norge	n----s
i	i	e
2001	2001	ta
.	.	pl
»	»	pg

Þessar	þessi	favfn
upplýsingar	upplýsing	nvfn
hygg	hyggja	sfg1en
ég	ég	fp1en
að	að	c
séu	vera	svg3fn
í	í	af
samræmi	samræmi	nheþ
við	við	af
staðtölur	staðtala	nvfo
gefnar	gefa	sþgvfo
út	út	aa
af	af	af
Rannís	Rannís	n-eþ-s
,	,	pk
þótt	þótt	c
ég	ég	fp1en
hafi	hafa	svg1en
ekki	ekki	aa
athugað	athuga	sþghen
það	það	fpheo
sérstaklega	sérstaklega	aa
.	.	pl

Ég	ég	fp1en
hef	hafa	sfg1en
oft	oft	aa
undrast	undra	sþmhen
það	það	fpheo
hve	hve	aa
Ísland	Ísland	nhen-s
kemur	koma	sfg3en
út	út	aa
með	með	af
hlutfallslega	hlutfallslega	aa
há	hár	lhfosf
framlög	framlag	nhfo
í	í	af
slíkum	slíkur	fbkeþ
samanburði	samanburður	nkeþ
í	í	af
staðtölum	staðtala	nvfþ
þeirra	hann	fpkfe
(	(	pa
verð	verða	sfg1en
að	að	cn
játa	játa	sng
á	á	af
mig	ég	fp1eo
sofandahátt	sofandaháttur	nkeo
að	að	cn
hafa	hafa	sng
aldrei	aldrei	aa
spurt	spyrja	sþghen
út	út	aa
í	í	af
þetta	þessi	faheo
meðan	meðan	c
ég	ég	fp1en
sat	sitja	sfg1eþ
í	í	af
Rannís	Rannís	n-eþ-s
,	,	pk
en	en	c
að	að	af
vísu	vís	lheþsf
hefur	hafa	sfg3en
þetta	þessi	fahen
ágerst	ágerast	sþmhen
síðan	síðan	aa
)	)	pa
.	.	pl

Ef	ef	c
við	ég	fp1fn
gefum	gefa	sfg1fn
okkur	ég	fp1fþ
að	að	c
sambærilegir	sambærilegur	lkfnsf
hlutir	hlutur	nkfn
séu	vera	svg3fn
mældir	mæla	sþgkfn
(	(	pa
sem	sem	ct
hlýtur	hljóta	sfg3en
amk.	a.m.k.	ks
að	að	cn
vera	vera	sng
ætlunin	ætlun	nveng
)	)	pa
virðist	virða	sfm3en
þessi	þessi	faven
staðhæfing	staðhæfing	nven
stinga	stinga	sng
í	í	af
stúf	stúfur	nkeo
við	við	af
tilfinningu	tilfinning	nveo
flestra	margur	lkfese
sem	sem	ct
hafa	hafa	sfg3fn
kynnst	kynna	sþmhen
rannsóknaumhverfi	rannsóknaumhverfi	nheþ
á	á	af
okkar	ég	fp1fe
sviðum	svið	nhfþ
í	í	af
nálægum	nálægur	lhfþsf
löndum	land	nhfþ
.	.	pl

Því	það	fpheþ
miður	lítt	aam
höfum	hafa	sfg1fn
við	ég	fp1fn
enga	enginn	foveo
stofnun	stofnun	nveo
sem	sem	ct
rannsakar	rannsaka	sfg3en
rannsóknamál	rannsóknamál	nhfo
,	,	pk
en	en	c
ég	ég	fp1en
held	halda	sfg1en
að	að	c
það	það	fphen
væri	vera	svg3eþ
verðugt	verðugur	lhensf
viðfangsefni	viðfangsefni	nhen
fyrir	fyrir	af
vísindanefnd	vísindanefnd	nveo
H.Í.	H.Í.	n----s
(	(	pa
gjarnan	gjarnan	aa
í	í	af
samvinnu	samvinna	nveþ
við	við	af
Rannís	Rannís	n-eo-s
)	)	pa
að	að	cn
láta	láta	sng
fara	fara	sng
ofan	ofan	aa
í	í	af
þau	sá	fahfo
gögn	gagn	nhfo
sem	sem	ct
liggja	liggja	sfg3fn
þessum	þessi	favfþ
tölum	tala	nvfþ
til	til	af
grundvallar	grundvöllur	nkee
,	,	pk
sundurliða	sundurliða	sng
framlögin	framlag	nhfog
eftir	eftir	af
sviðum	svið	nhfþ
og	og	c
kanna	kanna	sng
hvernig	hvernig	aa
þau	það	fphfn
eru	vera	sfg3fn
reiknuð	reikna	sþghfn
.	.	pl

Við	ég	fp1fn
erum	vera	sfg1fn
öll	allur	fohfn
sammála	sammála	lhfnof
um	um	af
að	að	c
rannsóknir	rannsókn	nvfo
þurfi	þurfa	svg3fn
að	að	cn
efla	efla	sng
,	,	pk
og	og	c
mjög	mjög	aa
mörg	margur	lhfnsf
telja	telja	sfg3fn
að	að	c
Háskóli	Háskóli	nken-s
Íslands	Ísland	nhee-s
ætti	eiga	svg3eþ
í	í	af
auknum	aukinn	lkeþsf
mæli	mælir	nkeþ
að	að	cn
verða	verða	sng
rannsóknaháskóli	rannsóknaháskóli	nken
.	.	pl

En	en	c
þá	þá	aa
verðum	verða	sfg1fn
við	ég	fp1fn
líka	líka	aa
að	að	cn
gera	gera	sng
okkur	ég	fp1fþ
og	og	c
stjórnvöldum	stjórnvald	nhfþ
rökum	rök	nhfþ
og	og	c
tölum	tala	nvfþ
studda	studdur	lveosf
grein	grein	nveo
fyrir	fyrir	aa
hvað	hver	fsheo
það	það	fphen
kostar	kosta	sfg3en
.	.	pl

Doktorsnámið	doktorsnám	nheng
hér	hér	aa
,	,	pk
þar	þar	aa
sem	sem	c
um	um	af
það	það	fpheo
er	vera	sfg3en
að	að	cn
ræða	ræða	sng
,	,	pk
er	vera	sfg3en
oft	oft	aa
í	í	af
skötulíki	skötulíki	nheþ
af	af	af
því	það	fpheþ
að	að	c
doktorsnemum	doktorsnemi	nkfþ
eru	vera	sfg3fn
ekki	ekki	aa
búin	búa	sþghfn
viðundandi	viðundandi	lhfnof
skilyrði	skilyrði	nhfn
til	til	af
að	að	cn
stunda	stunda	sng
námið	nám	nheog
á	á	af
hnitmiðaðan	hnitmiðaður	lkeosf
hátt	háttur	nkeo
,	,	pk
auk	auk	af
annarra	annar	fovfe
orsaka	orsök	nvfe
sem	sem	ct
kunna	kunna	sfg3fn
að	að	cn
vera	vera	sng
mismunandi	mismunandi	lvfnof
eftir	eftir	af
deildum	deild	nvfþ
.	.	pl

Hvað	hver	fshen
tekur	taka	sfg3en
svo	svo	aa
við	við	aa
að	að	af
doktorsnámi	doktorsnám	nheþ
loknu	lokinn	lheþsf
?	?	pl

Hörð	harður	lvensf
barátta	barátta	nven
um	um	af
lága	lágur	lkfosf
starfs-	starfsstyrkur	kt
eða	eða	c
verkefnastyrki	verkefnastyrkur	nkfo
Rannís	Rannís	n-ee-s
og	og	c
um	um	af
stöður	staða	nvfo
sem	sem	ct
verða	verða	sfg3fn
til	til	aa
eða	eða	c
losna	losna	sfg3fn
,	,	pk
og	og	c
sækja	sækja	sfg3fn
þá	þá	aa
venjulega	venjulega	aa
margir	margur	lkfnsf
hæfir	hæfur	lkfnsf
um	um	af
hverja	hver	foveo
.	.	pl

Ég	ég	fp1en
kann	kunna	sfg1en
ekki	ekki	aa
nein	neinn	fohfo
svör	svar	nhfo
við	við	af
öllum	allur	fovfþ
þeim	sá	favfþ
spurningum	spurning	nvfþ
sem	sem	ct
þetta	þessi	fahen
vekur	vekja	sfg3en
,	,	pk
en	en	c
legg	leggja	sfg1en
orð	orð	nheo
í	í	af
belg	belgur	nkeo
til	til	af
að	að	cn
minna	minna	sng
á	á	af
að	að	c
við	ég	fp1fn
þurfum	þurfa	sfg1fn
að	að	cn
treysta	treysta	sng
grundvöllinn	grundvöllur	nkeog
undir	undir	af
sókn	sókn	nveþ
okkar	ég	fp1fe
á	á	af
þessu	þessi	faheþ
sviði	svið	nheþ
.	.	pl

Með	með	af
kveðju	kveðja	nveþ
,	,	pk
Vésteinn	Vésteinn	nken-s
Ó.	Ó.	ks

Íbúð	íbúð	nven
til	til	af
leigu	leiga	nvee
í	í	af
Kaupmannahöfn	Kaupmannahöfn	nveþ-s

Falleg	fallegur	lvensf
þriggja	þrír	tfhfe
herbergja	herbergi	nhfe
íbúð	íbúð	nven
til	til	af
leigu	leiga	nvee
í	í	af
3-4	3-4	ta
mánuði	mánuður	nkfo
,	,	pk
frá	frá	af
byrjun	byrjun	nveþ
janúar	janúar	nkee
«	«	pg
04	04	ta
.	.	pl

Íbúðin	íbúð	nveng
er	vera	sfg3en
90	90	ta
fm	fm	ks
horníbúð	horníbúð	nven
í	í	af
góðu	góður	lheþsf
ástandi	ástand	nheþ
,	,	pk
með	með	af
viðargólfum	viðargólf	nhfþ
og	og	c
kamínu	kamína	nveþ
í	í	af
stofunni	stofa	nveþg
.	.	pl

Hún	hún	fpven
er	vera	sfg3en
staðsett	staðsettur	lvensf
á	á	af
Amager	Amager	n----s
í	í	af
10	10	ta
mínútna	mínúta	nvfe
hjólreiðafjarlægð	hjólreiðafjarlægð	nveþ
frá	frá	af
Strikinu	Strik	nheþgs
og	og	c
í	í	af
5	5	ta
mínútna	mínúta	nvfe
göngufjarlægð	göngufjarlægð	nveþ
frá	frá	af
Metro-stöð	Metro-stöð	nveþ-s
.	.	pl

Góðir	góður	lkfnsf
verslunarmöguleikar	verslunarmöguleiki	nkfn
og	og	c
veitingastaðir	veitingastaður	nkfn
í	í	af
næsta	næstur	lheþve
nágrenni	nágrenni	nheþ
.	.	pl

Íbúðin	íbúð	nveng
leigist	leigja	sfm3en
með	með	af
öllum	allur	fohfþ
húsgögnum	húsgagn	nhfþ
og	og	c
rafmagnstækjum	rafmagnstæki	nhfþ
.	.	pl

Farið	fara	sþghen
er	vera	sfg3en
fram	fram	aa
á	á	af
mjög	mjög	aa
góða	góður	lveosf
umgengni	umgengni	nveo
og	og	c
að	að	c
ekki	ekki	aa
sé	vera	svg3en
reykt	reykja	sþghen
í	í	af
íbúðinni	íbúð	nveþg
.	.	pl

Leigan	leiga	nveng
er	vera	sfg3en
7500	7500	ta
DKK	DKK	ks
á	á	af
mánuði	mánuður	nkeþ
.	.	pl

Nánari	náinn	lvfnvm
upplýsingar	upplýsing	nvfn
hjá	hjá	af
:	:	pa
Hjördísi	Hjördís	nveþ-s
og	og	c
Daða	Daði	nkeþ-s

Bestu	góður	lvfnve
kveðjur	kveðja	nvfn

Laufey	Laufey	nven-s

Ég	ég	fp1en
tek	taka	sfg1en
undir	undir	af
það	sá	faheo
,	,	pk
sem	sem	ct
Þorsteinn	Þorsteinn	nken-s
Loftsson	Loftsson	nken-s
hefur	hafa	sfg3en
verið	vera	sþghen
að	að	cn
segja	segja	sng
hér	hér	aa
á	á	af
vefnum	vefur	nkeþg
.	.	pl

En	en	c
er	vera	sfg3en
rétta	réttur	lvenvf
leiðin	leið	nveng
ekki	ekki	aa
,	,	pk
að	að	c
Háskólinn	Háskóli	nkengs
biðji	biðja	svg3en
um	um	af
skólagjöld	skólagjald	nhfo
og	og	c
verji	verja	svg3en
þeim	það	fphfþ
til	til	af
að	að	cn
efla	efla	sng
rannsóknasjóð	rannsóknasjóður	nkeo
sinn	sinn	fekeo
?	?	pl

HHG	HHG	n----s

FYRIRLESTUR	fyrirlestur	nken
:	:	pa

Skemmdir	skemmd	nvfn
á	á	af
DNA	DNA	e
basapararöðinni	basapararöð	nveþg
:	:	pa

Geta	geta	nven
oxaðs	oxaður	lheesf
gúaníns	gúanín	nhee
til	til	af
basaparamyndunar	basaparamyndun	nvee

Jóhannes	Jóhannes	nken-s
Reynisson	Reynisson	nken-s
Ph.D.	Ph.D.	e

Centre	Centre	n----s
for	for	e
Cancer	Cancer	e
Therapeutics	Therapeutics	e

The	The	n----s
Institute	Institute	e
of	of	e
Cancer	Cancer	e
Research	Research	e

Sutton	Sutton	n----s
,	,	pk
Bretlandi	Bretland	nheþ-s

Föstudagur	Föstudagur	nken-s
19.	19.	ta
desember	desember	nken
,	,	pk
klukkan	klukka	nveng
15:00	15:00	ta

Fyrirlestrasalur	fyrirlestrasalur	nken
3.	3.	ta
hæð	hæð	nveþ
,	,	pk
Læknagarði	Læknagarður	nkeþ-s
Ingunn	Ingunn	nven-s
B.	B.	ks

Skrifstofu	skrifstofa	nveþ
læknadeildar	læknadeild	nvee

Ágæta	ágætur	lhenvf
háskólafólk	háskólafólk	nhen
.	.	pl

Í	í	af
tilefni	tilefni	nheþ
af	af	af
bréfum	bréf	nhfþ
Þorsteins	Þorsteinn	nkee-s
L.	L.	ks
,	,	pk
háskólaráðsmanns	háskólaráðsmaður	nkee
,	,	pk
á	á	af
póstlistanum	póstlisti	nkeþg
HI-starf	hi-starf	nheþ
er	vera	sfg3en
rétt	réttur	lhensf
að	að	cn
taka	taka	sng
fram	fram	aa
eftirfarandi	eftirfarandi	lheoof
:	:	pa

Engin	enginn	foven
tillaga	tillaga	nven
um	um	af
niðurskurð	niðurskurður	nkeo
á	á	af
rannsóknasjóði	rannsóknasjóður	nkeþ
Háskólans	Háskóli	nkeegs
hefur	hafa	sfg3en
verið	vera	sþghen
lögð	leggja	sþgven
fram	fram	aa
í	í	af
háskólaráði	háskólaráð	nheþ
,	,	pk
heldur	heldur	c
hefur	hafa	sfg3en
fjármálanefnd	fjármálanefnd	nven
bent	benda	sþghen
háskólaráði	háskólaráð	nheþ
á	á	af
ýmsar	ýmis	fovfo
leiðir	leið	nvfo
til	til	af
að	að	cn
bregðast	bregða	snm
við	við	af
ákvörðun	ákvörðun	nveþ
stjórnvalda	stjórnvald	nhfe
um	um	af
að	að	cn
lækka	lækka	sng
rannsóknafjárveitingu	rannsóknafjárveiting	nveo
til	til	af
Háskólans	Háskóli	nkeegs
um	um	af
105	105	ta
m.kr.	m.kr.	ks

Lækkunin	lækkun	nveng
felst	fela	sfm3en
í	í	af
því	það	fpheþ
að	að	cn
fella	fella	sng
niður	niður	aa
viðbótarframlag	viðbótarframlag	nheo
til	til	af
rannsókna	rannsókn	nvfe
sem	sem	ct
Háskólinn	Háskóli	nkengs
fékk	fá	sfg3eþ
með	með	af
sérstökum	sérstakur	lkeþsf
rannsóknarsamningi	rannsóknarsamningur	nkeþ
til	til	af
þriggja	þrír	tfhfe
ára	ár	nhfe
á	á	af
árinu	ár	nheþg
2001	2001	ta
.	.	pl

Ein	einn	foven
þeirra	sá	favfe
leiða	leið	nvfe
,	,	pk
sem	sem	ct
fjármálanefnd	fjármálanefnd	nven
benti	benda	sfg3eþ
á	á	aa
,	,	pk
var	vera	sfg3eþ
sú	sá	faven
að	að	cn
lækka	lækka	sng
fjárveitingu	fjárveiting	nveo
til	til	af
rannsóknasjóðs	rannsóknasjóður	nkee
úr	úr	af
100	100	ta
m.kr.	m.kr.	ks
í	í	af
75	75	ta
m.kr.	m.kr.	ks

Í	í	af
umræðu	umræða	nveþ
í	í	af
háskólaráði	háskólaráð	nheþ
í	í	af
síðustu	síðari	lveþve
viku	vika	nveþ
kom	koma	sfg3eþ
fram	fram	aa
samstaða	samstaða	nven
um	um	af
að	að	cn
leita	leita	sng
annarra	annar	fovfe
leiða	leið	nvfe
til	til	af
að	að	cn
taka	taka	sng
á	á	af
fjárhagsvanda	fjárhagsvandi	nkeþ
Háskólans	Háskóli	nkeegs
.	.	pl

Á	á	af
vinnufundi	vinnufundur	nkeþ
ráðsins	ráð	nheeg
í	í	aa
gær	gær	aa
10.	10.	ta
desember	desember	nkeo
komu	koma	sfg3fþ
fram	fram	aa
ábendingar	ábending	nvfn
frá	frá	af
fjármálanefnd	fjármálanefnd	nveþ
um	um	aa
hvernig	hvernig	aa
hugsanlega	hugsanlega	aa
mætti	mega	svg3eþ
gera	gera	sng
það	það	fpheo
án	án	af
þess	það	fphee
að	að	cn
skerða	skerða	sng
rannsóknasjóðinn	rannsóknasjóður	nkeog
.	.	pl

Í	í	af
upphafi	upphaf	nheþ
umræðunnar	umræða	nveeg
á	á	af
fundi	fundur	nkeþ
háskólaráðs	háskólaráð	nhee
í	í	aa
gær	gær	aa
benti	benda	sfg1eþ
ég	ég	fp1en
Þorsteini	Þorsteinn	nkeþ-s
Loftssyni	Loftsson	nkeþ-s
á	á	af
að	að	c
það	það	fphen
væri	vera	svg3eþ
ekki	ekki	aa
við	við	af
hæfi	hæfi	nheo
að	að	cn
halda	halda	sng
því	það	fpheþ
fram	fram	aa
,	,	pk
eins	eins	aa
og	og	c
hann	hann	fpken
gerði	gera	sfg3eþ
í	í	af
tölvubréfi	tölvubréf	nheþ
sínu	sinn	feheþ
9.	9.	ta
desember	desember	nkeo
á	á	af
HI-starf	hi-starf	nheo
,	,	pk
að	að	c
lagt	leggja	sþghen
hefði	hafa	svg3eþ
verið	vera	sþghen
til	til	af
að	að	c
fjárveitingar	fjárveiting	nvfn
til	til	af
rannsóknasjóðs	rannsóknasjóður	nkee
verði	verða	svg3en
lækkaðar	lækka	sþgvfn
um	um	af
25%	25%	tp
.	.	pl

Auk	auk	af
þess	það	fphee
hafi	hafa	svg3en
hann	hann	fpken
í	í	af
bréfi	bréf	nheþ
sínu	sinn	feheþ
gefið	gefa	sþghen
í	í	af
skyn	skyn	nheo
að	að	c
rannsóknasjóður	rannsóknasjóður	nken
nyti	njóta	svg3eþ
ekki	ekki	aa
stuðnings	stuðningur	nkee
meðal	meðal	af
annarra	annar	fokfe
háskólaráðsmanna	háskólaráðsmaður	nkfe
.	.	pl

Hvorugt	hvorugur	fohen
þessara	þessi	fahfe
atriða	atriði	nhfe
er	vera	sfg3en
rétt	réttur	lhensf
.	.	pl

Rannsóknasjóðurinn	rannsóknasjóður	nkeng
á	eiga	sfg3en
sér	sig	fpkeþ
öflugan	öflugur	lkeosf
stuðning	stuðningur	nkeo
í	í	af
stefnu	stefna	nveþ
Háskólans	Háskóli	nkeegs
,	,	pk
hjá	hjá	af
háskólaráði	háskólaráð	nheþ
,	,	pk
hjá	hjá	af
rektor	rektor	nkeþ
og	og	c
meðal	meðal	af
háskólafólks	háskólafólk	nhee
almennt	almennt	aa

Rétt	réttur	lhensf
er	vera	sfg3en
að	að	cn
geta	geta	sng
þess	það	fphee
að	að	c
sjaldan	sjaldan	aa
hefur	hafa	sfg3en
verið	vera	sþghen
erfiðara	erfiður	lhenvm
að	að	cn
gera	gera	sng
fjárhagsáætlun	fjárhagsáætlun	nveo
fyrir	fyrir	af
Háskóla	Háskóli	nkeo-s
Íslands	Ísland	nhee-s
en	en	c
nú	nú	aa
.	.	pl

Þær	sá	favfn
hugmyndir	hugmynd	nvfn
fjármálanefndar	fjármálanefnd	nvee
sem	sem	ct
ræddar	ræða	sþgvfn
voru	vera	sfg3fþ
á	á	af
fundi	fundur	nkeþ
háskólaráðs	háskólaráð	nhee
í	í	aa
gær	gær	aa
gera	gera	sfg3fn
ráð	ráð	nheo
fyrir	fyrir	af
því	það	fpheþ
að	að	c
fjölmargar	fjölmargur	lvfnsf
rekstrareiningar	rekstrareining	nvfn
Háskólans	Háskóli	nkeegs
fái	fá	svg3fn
enga	enginn	foveo
hækkun	hækkun	nveo
frá	frá	af
árinu	ár	nheþg
2003	2003	ta
.	.	pl

Þetta	þessi	fahen
á	eiga	sfg3en
við	við	aa
um	um	af
sameiginlega	sameiginlegur	lveosf
stjórnsýslu	stjórnsýsla	nveo
og	og	c
nokkrar	nokkur	fovfo
deildir	deild	nvfo
.	.	pl

Þetta	þessi	fahen
er	vera	sfg3en
gert	gera	sþghen
meðal	meðal	af
annars	annar	fohee
til	til	af
þess	það	fphee
að	að	c
unnt	unnt	lhensf
sé	vera	svg3en
að	að	cn
standa	standa	sng
vörð	vörður	nkeo
um	um	af
sáttmálasjóð	sáttmálasjóður	nkeo
,	,	pk
rannsóknaleyfi	rannsóknaleyfi	nhfo
og	og	c
rannsóknasjóð	rannsóknasjóður	nkeo
Háskólans	Háskóli	nkeegs
.	.	pl

Rektor	rektor	nken
og	og	c
háskólaráð	háskólaráð	nhen
munu	munu	sfg3fn
hér	hér	aa
eftir	eftir	aa
sem	sem	c
hingað	hingað	aa
til	til	aa
leita	leita	sng
allra	allur	fovfe
leiða	leið	nvfe
til	til	af
að	að	cn
tryggja	tryggja	sng
fjárhag	fjárhagur	nkeo
Háskólans	Háskóli	nkeegs
,	,	pk
skipta	skipta	sng
fjárveitingum	fjárveiting	nvfþ
á	á	af
sanngjarnan	sanngjarn	lkeosf
hátt	háttur	nkeo
og	og	c
efla	efla	sng
rannsóknasjóðinn	rannsóknasjóður	nkeog
svo	svo	aa
hann	hann	fpken
nái	ná	svg3en
tilgangi	tilgangur	nkeþ
sínum	sinn	fekeþ
.	.	pl

Með	með	af
kærri	kær	lveþsf
kveðju	kveðja	nveþ
,	,	pk
Páll	Páll	nken-s
Skúlason	Skúlason	nken-s
rektor	rektor	nken
Háskóla	Háskóli	nkee-s
Íslands	Ísland	nhee-s

Aðalbygging	Aðalbygging	nven-s

Ágæta	ágætur	lhenvf
samstarfsfólk	samstarfsfólk	nhen
,	,	pk

Ég	ég	fp1en
fagna	fagna	sfg1en
innilega	innilega	aa
yfirlýsingu	yfirlýsing	nveþ
Páls	Páll	nkee-s
Skúlasonar	Skúlason	nkee-s
,	,	pk
rektors	rektor	nkee
Háskóla	Háskóli	nkee-s
Íslands	Ísland	nhee-s
,	,	pk
um	um	af
að	að	c
fjárveitingar	fjárveiting	nvfn
til	til	af
Rannsóknasjóðs	Rannsóknasjóður	nkee-s
Háskólans	Háskóli	nkeegs
verði	verða	svg3fn
ekki	ekki	aa
skertar	skerða	sþgvfn
.	.	pl

Ég	ég	fp1en
fanga	fagna	x
því	það	fpheþ
einnig	einnig	aa
að	að	c
nú	nú	aa
séu	vera	svg3fn
ALLIR	allur	fokfn
stuðningsmenn	stuðningsmaður	nkfn
Rannsóknasjóðs	Rannsóknasjóður	nkee-s
Háskólans	Háskóli	nkeegs
.	.	pl

Þetta	þessi	fahen
er	vera	sfg3en
góð	góður	lvensf
stefnubreyting	stefnubreyting	nven
.	.	pl

Annað	annar	foheo
í	í	af
bréfi	bréf	nheþ
rektors	rektor	nkee
er	vera	sfg1en
ég	ég	fp1en
mjög	mjög	aa
ósáttur	ósáttur	lkensf
við	við	af
.	.	pl

Það	það	fphen
var	vera	sfg3eþ
lögð	leggja	sþgven
skrifleg	skriflegur	lvensf
tillag	tillag	x
um	um	af
að	að	cn
skera	skera	sng
sjóðin	sjóður	x
niður	niður	aa
um	um	af
25%	25%	tp
.	.	pl

Þetta	þessi	fahen
var	vera	sfg3eþ
mesti	mikill	lkenve
niðurskurður	niðurskurður	nken
á	á	af
einstökum	einstakur	lkeþsf
lið	liður	nkeþ
í	í	af
tillögunum	tillaga	nvfþg
fyrir	fyrir	af
utan	utan	aa
liðinn	liður	nkeog
rannsóknaprófessorar	rannsóknaprófessor	nkfn
sem	sem	ct
lækkar	lækka	sfg3en
um	um	af
50%	50%	tp
vegna	vegna	af
fækkunar	fækkun	nvee
úr	úr	af
4	4	ta
í	í	af
2	2	ta
.	.	pl

Aðrir	annar	fokfn
liðir	liður	nkfn
í	í	af
sameiginlegum	sameiginlegur	lhfþsf
útgjöldum	útgjöld	nhfþ
fá	fá	sfg3fn
óbreytta	óbreyttur	lveosf
krónutölu	krónutala	nveo
eða	eða	c
hækka	hækka	sfg3fn
um	um	af
2,5%	2,5%	tp
(	(	pa
samkvæmt	samkvæmt	af
tillögum	tillaga	nvfþ
)	)	pa
.	.	pl

Það	það	fphen
er	vera	sfg3en
rétt	réttur	lhensf
að	að	c
tillögur	tillaga	nvfn
um	um	af
annan	annar	fokeo
niðurskurð	niðurskurður	nkeo
voru	vera	sfg3fþ
lagðar	leggja	sþgvfn
fram	fram	aa
á	á	af
vinnufundi	vinnufundur	nkeþ
í	í	aa
gær	gær	aa
en	en	c
eftir	eftir	af
fundinn	fundur	nkeog
stóð	standa	sfg3eþ
enn	enn	aa
25%	25%	tp
niðurskurður	niðurskurður	nken
á	á	af
Rannsóknasjóði	Rannsóknasjóður	nkeþ-s
.	.	pl

Það	það	fphen
var	vera	sfg3eþ
ekkert	enginn	fohen
rætt	ræða	sþghen
um	um	af
(	(	pa
svo	svo	aa
ég	ég	fp1en
heyrði	heyra	svg1eþ
)	)	pa
að	að	c
annar	annar	foken
niðurskurður	niðurskurður	nken
ætti	eiga	svg3eþ
að	að	cn
koma	koma	sng
í	í	af
staðinn	staður	nkeog
fyrir	fyrir	af
niðurskurð	niðurskurður	nkeo
á	á	af
sjóðnum	sjóður	nkeþg
.	.	pl

Þvert	þvert	aa
á	á	aa
móti	móti	aa
tók	taka	sfg3eþ
rektor	rektor	nken
skýrt	skýrt	aa
fram	fram	aa
að	að	c
þessi	þessi	fahfn
skrif	skrif	nhfn
mín	minn	fehfn
myndu	munu	svg3fþ
ekki	ekki	aa
hafa	hafa	sng
nein	neinn	fohfo
áhrif	áhrif	nhfo
á	á	af
fjárveitingar	fjárveiting	nvfo
til	til	af
sjóðsins	sjóður	nkeeg
.	.	pl

Ég	ég	fp1en
tel	telja	sfg1en
að	að	c
það	það	fphen
hafi	hafa	svg3en
verið	vera	sþghen
rétt	réttur	lhensf
hjá	hjá	af
mér	ég	fp1eþ
að	að	cn
skýra	skýra	sng
frá	frá	af
tillögum	tillaga	nvfþ
um	um	af
25%	25%	tp
niðurskurð	niðurskurður	nkeo
á	á	af
Rannsóknasjóðnum	Rannsóknasjóður	nkeþgs
á	á	af
hi-starf	hi-starf	nheo
og	og	c
beinlínis	beinlínis	aa
að	að	c
það	það	fphen
hafi	hafa	svg3en
verið	vera	sþghen
skylda	skylda	nven
mín	minn	feven
.	.	pl

salkaforlag.is	salkaforlag.is	v

Sumarkveðjur	sumarkveðja	nvfn
frá	frá	af
Sölku	Salka	nveþ-s

Fréttabréf	fréttabréf	nhen
nr	nr.	ks
60	60	ta
-	-	pa
«	«	pg
Kóngakjötbollur	kóngakjötbolla	nvfn
»	»	pg
í	í	af
rjómasósu	rjómasósa	nveþ

Þessi	þessi	faven
uppskrift	uppskrift	nven
hefur	hafa	sfg3en
fylgt	fylgja	sþghen
mér	ég	fp1eþ
gegnum	gegnum	af
tíðina	tíð	nveog
.	.	pl

Hún	hún	fpven
kemur	koma	sfg3en
frá	frá	af
móðurömmu	móðuramma	nveþ
minni	minn	feveþ
og	og	c
afa	afi	nkeþ
sem	sem	ct
sagði	segja	sfg3eþ
alltaf	alltaf	aa
að	að	c
hún	hún	fpven
kæmi	koma	svg3eþ
upprunalega	upprunalega	aa
frá	frá	af
Sofierokastalanum	Sofierokastali	nkeþgs
sem	sem	ct
liggur	liggja	sfg3en
fyrir	fyrir	af
utan	utan	aa
Helsingborg	Helsingborg	nveo-s
(	(	pa
afi	afi	nken
var	vera	sfg3eþ
bókbindari	bókbindari	nken
í	í	af
höllinni	höll	nveþg
)	)	pa
.	.	pl

Þar	þar	aa
gisti	gista	sfg3eþ
Gustav	Gustav	n----s
VI	vi	ta
Adolf	Adolf	nken-s
konungur	konungur	nken
oft	oft	aa
með	með	af
fjölskyldu	fjölskylda	nveþ
sinni	sinn	feveþ
þegar	þegar	c
hann	hann	fpken
var	vera	sfg3eþ
ekki	ekki	aa
á	á	af
Ítalíu	Ítalía	nveþ-s
við	við	af
uppgröft	uppgröftur	nkeo
á	á	af
Pompeji	Pompeji	n----s
.	.	pl

Þessar	þessi	favfn
kjötbollur	kjötbolla	nvfn
eru	vera	sfg3fn
sérstaklega	sérstaklega	aa
safaríkar	safaríkur	lvfnsf
og	og	c
bragðgóðar	bragðgóður	lvfnsf
.	.	pl

Ég	ég	fp1en
hef	hafa	sfg1en
notað	nota	sþghen
hana	hún	fpveo
á	á	af
hverjum	hver	fohfþ
jólum	jól	nhfþ
síðan	síðan	c
ég	ég	fp1en
flutti	flytja	sfg1eþ
til	til	af
Íslands	Ísland	nhee-s
og	og	c
það	það	fphen
er	vera	sfg3en
aldrei	aldrei	aa
til	til	aa
afgangur	afgangur	nken
,	,	pk
alveg	alveg	aa
sama	samur	fbhen
hvað	hver	fshen
skammturinn	skammtur	nkeng
er	vera	sfg3en
stór	stór	lkensf
.	.	pl

Eina	einn	lvenvf
breytingin	breyting	nveng
núna	núna	aa
er	vera	sfg3en
að	að	c
ég	ég	fp1en
bjó	búa	sfg1eþ
til	til	aa
sósuna	sósa	nveog
fyrir	fyrir	af
gjordusvovel.is	gjordusvovel.is	v
með	með	af
Blå	Blå	e
Band	Band	e
Brunsås	Brunsås	e
.	.	pl

Vandamálið	vandamál	nheng
hefur	hafa	sfg3en
alltaf	alltaf	aa
verið	vera	sþghen
að	að	cn
búa	búa	sng
til	til	aa
næga	nægur	lveosf
sósu	sósa	nveo
,	,	pk
en	en	c
núna	núna	aa
fann	finna	sfg1eþ
ég	ég	fp1en
lausn	lausn	nveo
,	,	pk
því	það	fpheþ
Blå	Blå	e
band	band	e
Brunsås	Brunsås	e
er	vera	sfg3en
góð	góður	lvensf
og	og	c
hlutlaus	hlutlaus	lvensf
grunnsósa	grunnsósa	nven
-	-	pa
ekki	ekki	aa
of	of	aa
krydd-	kryddmikill	kt
eða	eða	c
kraftmikil	kraftmikill	lvensf
.	.	pl

(	(	pa
Nokkuð	nokkur	fohen
sem	sem	ct
hefur	hafa	sfg3en
alltaf	alltaf	aa
truflað	trufla	sþghen
mig	ég	fp1eo
með	með	af
öðrum	annar	fovfþ
«	«	pg
bréfasósum	bréfasósa	nvfþ
»	»	pg
)	)	pa
.	.	pl

Svo	svo	aa
núna	núna	aa
var	vera	sfg3eþ
ekkert	enginn	fohen
vandamál	vandamál	nhen
að	að	cn
búa	búa	sng
til	til	aa
stóran	stór	lkeosf
sósuskammt	sósuskammtur	nkeo
.	.	pl

Berið	bera	sbg2fn
síðan	síðan	aa
fram	fram	aa
með	með	af
týtuberjasultu	týtuberjasulta	nveþ
-	-	pa
á	á	af
sænsku	sænska	nveþ
«	«	pg
lingonsylt	lingonsylt	e
»	»	pg
-	-	pa
sem	sem	ct
fæst	fá	sfm3en
í	í	af
IKEA	IKEA	n-eþ-s
!	!	pl

(	(	pa
en	en	c
annars	annars	aa
rifsberjagelé	rifsberjagel	x
)	)	pa
.	.	pl

Fyrir	fyrir	af
þá	sá	fakfo
sem	sem	ct
vilja	vilja	sfg3fn
bera	bera	sng
fram	fram	aa
«	«	pg
lutfisk	lutfisk	e
»	»	pg
eða	eða	c
«	«	pg
baccalo	baccalo	e
»	»	pg
sem	sem	ct
forrétt	forréttur	nkeo
bjó	búa	sfg1eþ
ég	ég	fp1en
til	til	aa
útgáfu	útgáfa	nveo
af	af	af
hvítri	hvítur	lveþsf
sósu	sósa	nveþ
sem	sem	ct
er	vera	sfg3en
einföld	einfaldur	lvensf
,	,	pk
fitulítil	fitulítill	lvensf
,	,	pk
með	með	af
mildu	mildur	lheþsf
sætu	sætur	lheþsf
og	og	c
«	«	pg
grænu	grænn	lheþsf
»	»	pg
bragði	bragð	nheþ
.	.	pl

Leyndarmálið	leyndarmál	nheng
er	vera	sfg3en
«	«	pg
panaden	panaden	e
»	»	pg
og	og	c
blandaða	blandaður	lhenvf
hakkið	hakk	nheng
.	.	pl

Rétt	réttur	lhfnsf
hlutföll	hlutfall	nhfn
í	í	af
blönduðu	blandaður	lheþsf
hakki	hakk	nheþ
samanstendur	samanstanda	sfg3en
af	af	af
70%	70%	tp
mögru	magur	lheþsf
nautahakki	nautahakk	nheþ
og	og	c
30%	30%	tp
svínahakki	svínahakk	nheþ
.	.	pl

Svínahakkið	svínahakk	nheng
bindur	binda	sfg3en
nautahakkið	nautahakk	nheog
betur	vel	aam
saman	saman	aa
.	.	pl

Það	sá	fahen
sem	sem	ct
kallast	kalla	sfm3en
«	«	pg
panad	panad	e
»	»	pg
er	vera	sfg3en
ekki	ekki	aa
eitthvað	einhver	fohen
sem	sem	ct
drýgir	drýgja	sfg3en
út	út	aa
hakkið	hakk	nheog
-	-	pa
heldur	heldur	c
verða	verða	sfg3fn
kjötbollurnar	kjötbolla	nvfng
safaríkari	safaríkur	lvfnvm
.	.	pl

Rétt	rétt	aa
útbúið	útbúinn	lhensf
«	«	pg
panad	panad	e
»	»	pg
á	eiga	sfg3en
að	að	cn
vera	vera	sng
eins	eins	aa
og	og	c
þykkt	þykkur	lhensf
pönnukökudeig	pönnukökudeig	nhen
og	og	c
verður	verða	sfg3en
að	að	cn
standa	standa	sng
í	í	aa
minnst	lítið	aae
30	30	ta
mín	mín.	x
til	til	af
að	að	cn
samalagast	samalaga	snm
áður	áður	aa
en	en	c
það	það	fphen
er	vera	sfg3en
blandað	blanda	sþghen
saman	saman	aa
við	við	af
hakkið	hakk	nheog
.	.	pl

Best	góður	lhense
verður	verða	sfg3en
«	«	pg
panaden	panaden	e
»	»	pg
með	með	af
því	það	fpheþ
að	að	cn
keyra	keyra	sng
það	það	fpheo
í	í	af
matvinnsluvél	matvinnsluvél	nveþ
.	.	pl

Hráefni	hráefni	nhen
fyrir	fyrir	af
8	8	ta
:	:	pa
1	1	ta
kg	kg	ks
blandað	blandaður	lhensf
hakk	hakk	nhen
(	(	pa
700	700	ta
g	g	ks
nautahakk	nautahakk	nhen
+	+	m
300	300	ta
g	g	ks
svínahakk	svínahakk	nhen
)	)	pa
-	-	pa
4	4	ta
tsk	tsk	ks
salt	salt	nhen
-	-	pa
2	2	ta
krm	krm	ks
hvítur	hvítur	lkensf
pipar	pipar	nken
eða	eða	c
hvítur	hvítur	lkensf
pipar	pipar	nken
/	/	pa
rósapipar	rósapipar	nken
-	-	pa
4	4	ta
msk	msk	ks
smjörvi	smjörvi	nken
-	-	pa
2	2	ta
msk	msk	ks
ISIO4	isio4	x
heilsuolía	heilsuolía	nven
.	.	pl

Panad	panad	e
:	:	pa
1-2	1-2	ta
egg	egg	nhfn
-	-	pa
1	1	ta
stór	stór	lkensf
eða	eða	c
2	2	ta
litlir	lítill	lkfnsf
fínhakkaðir	fínhakkaður	lkfnsf
gulir	gulur	lkfnsf
laukar	laukur	nkfn
-	-	pa
4	4	ta
soðnar	soðinn	lvfnsf
kaldar	kaldur	lvfnsf
kartöflur	kartafla	nvfn
maukaðar	mauka	sþgvfn
með	með	af
gaffli	gaffall	nkeþ
-	-	pa
1	1	ta
dl	dl	ks
Paxo	Paxo	e
brauðrasp	brauðrasp	nhen
-	-	pa
2	2	ta
dl	dl	ks
matreiðslurjómi	matreiðslurjómi	nken
.	.	pl

Rjómasósa	rjómasósa	nven
:	:	pa
4	4	ta
bréf	bréf	nhfn
Blå	Blå	e
band	band	e
Brunsås	Brunsås	e
-	-	pa
ca	ca	ks
3	3	ta
dl	dl	ks
skóf	skóf	nven
frá	frá	af
steiktu	steiktur	lvfþvf
kjötbollunum	kjötbolla	nvfþg
-	-	pa
8	8	ta
dl	dl	ks
vatn	vatn	nhen
3	3	ta
dl	dl	ks
matreiðslurjómi	matreiðslurjómi	nken
-	-	pa
1	1	ta
dl	dl	ks
nýmjólk	nýmjólk	nven
.	.	pl

Undirbúningur	undirbúningur	nken
:	:	pa

Byrjið	byrja	sbg2fn
á	á	af
að	að	cn
blanda	blanda	sng
«	«	pg
panaden	panaden	e
»	»	pg
saman	saman	aa
í	í	af
matvinnsluvél	matvinnsluvél	nveþ
og	og	c
látið	láta	sbg2fn
standa	standa	sng
í	í	af
30	30	ta
mín.	mín.	kt

Blandið	blanda	sbg2fn
síðan	síðan	aa
«	«	pg
panaden	panaden	e
»	»	pg
,	,	pk
hakkinu	hakk	nheþg
og	og	c
salti	salt	nheþ
op	og	x
pipar	pipar	nkeþ
saman	saman	aa
við	við	aa
og	og	c
látið	láta	sbg2fn
standa	standa	sng
áfram	áfram	aa
í	í	af
15	15	ta
mín.	mín.	kt

Bleytið	bleyta	sbg2fn
hendurnar	hönd	nvfog
í	í	af
köldu	kaldur	lheþsf
vatni	vatn	nheþ
,	,	pk
takið	taka	sbg2fn
1/2	1/2	ta
msk	msk	ks
af	af	af
hakkinu	hakk	nheþg
og	og	c
mótið	móta	sbg2fn
litlar	lítill	lvfosf
kjötbollur	kjötbolla	nvfo
milli	milli	af
handanna	hönd	nvfeg
.	.	pl

Hitið	hita	sbg2fn
upp	upp	aa
ISIO4	isio4	x
og	og	c
örlítinn	örlítill	lkeosf
smjörva	smjörvi	nkeo
í	í	af
steikarpönnu	steikarpanna	nveþ
(	(	pa
helst	heldur	aae
úr	úr	af
járni	járn	nheþ
)	)	pa
á	á	af
meðalhita	meðalhiti	nkeþ
.	.	pl

Brúnið	brúna	sbg2fn
prufubollurnar	prufubolla	nvfog
á	á	af
öllum	allur	fovfþ
hliðum	hlið	nvfþ
-	-	pa
hristið	hrista	sbg2fn
pönnuna	panna	nveog
eða	eða	c
eða	eða	c
veltið	velta	sbg2fn
þeim	hún	fpvfþ
með	með	af
skeið	skeið	nveþ
.	.	pl

Reiknið	reikna	sbg2fn
með	með	af
ca	ca	ks
10	10	ta
mín	mín.	x
steikartíma	steikartími	nkeþ
.	.	pl

Smakkið	smakka	sbg2fn
á	á	af
bollunum	bolla	nvfþg
og	og	c
kryddið	krydda	sbg2fn
kjöthakkið	kjöthakk	nheog
meira	meira	aam
með	með	af
salti	salt	nheþ
og	og	c
pipar	pipar	nkeþ
ef	ef	c
þess	það	fphee
þarf	þurfa	sfg3en
.	.	pl

Ef	ef	c
hakkið	hakk	nheng
er	vera	sfg3en
svo	svo	aa
laust	laus	lhensf
í	í	af
sér	sig	fpheþ
að	að	c
bollurnar	bolla	nvfng
halda	halda	sfg3fn
ekki	ekki	aa
saman	saman	aa
(	(	pa
getur	geta	sfg3en
verið	vera	sþghen
mismunandi	mismunandi	lhenof
eftir	eftir	af
hakki	hakk	nheþ
)	)	pa
bætið	bæta	sbg2fn
þá	þá	aa
aukalega	aukalega	aa
við	við	aa
1	1	ta
dl	dl	ks
brauðraspi	brauðrasp	nheþ
eða	eða	c
1	1	ta
dl	dl	ks
nautahakki	nautahakk	nheþ
,	,	pk
hrærið	hræra	sbg2fn
vel	vel	aa
saman	saman	aa
og	og	c
látið	láta	sbg2fn
bíða	bíða	sng
í	í	af
15-30	15-30	ta
mín.	mín.	kt

Haldið	halda	sbg2fn
áfram	áfram	aa
að	að	cn
steikja	steikja	sng
kjötbollurnar	kjötbolla	nvfog
en	en	c
ekki	ekki	aa
setja	setja	sng
of	of	aa
margar	margur	lvfosf
bollur	bolla	nvfo
á	á	af
pönnunna	panna	nveog
í	í	af
einu	einn	foheþ
-	-	pa
sjá	sjá	sng
mynd	mynd	nveo
.	.	pl

Þegar	þegar	c
kjötbollurnar	kjötbolla	nvfng
eru	vera	sfg3fn
tilbúnar	tilbúinn	lvfnsf
eru	vera	sfg3fn
þær	hún	fpvfn
færðar	færa	sþgvfn
yfir	yfir	aa
í	í	af
pott	pottur	nkeo
og	og	c
haldið	halda	sþghen
heitum	heitur	lvfþsf
.	.	pl

Skafið	skafa	sbg2fn
úr	úr	af
pönnunni	panna	nveþg
eftir	eftir	af
hvern	hver	fokeo
skammt	skammtur	nkeo
og	og	c
látið	láta	sbg2fn
skófið	skóf	nheog
(	(	pa
fyrir	fyrir	af
sósuna	sósa	nveog
)	)	pa
renna	renna	sng
af	af	aa
á	á	af
pappír	pappír	nkeo
.	.	pl

Haldið	halda	sbg2fn
kjötbollunum	kjötbolla	nvfþg
heitum	heitur	lvfþsf
í	í	af
pottinum	pottur	nkeþg
á	á	af
vægum	vægur	lkeþsf
hita	hiti	nkeþ
t.d.	t.d.	ks
í	í	af
ofni	ofn	nkeþ
á	á	af
150°	150°	ta
.	.	pl

Rjómasósa	rjómasósa	nven
:	:	pa

Blandið	blanda	sbg2fn
sósuduftinu	sósuduft	nheþg
út	út	aa
í	í	af
vatn	vatn	nheo
og	og	c
látið	láta	sbg2fn
standa	standa	sng
í	í	af
nokkrar	nokkur	fovfo
mínútur	mínúta	nvfo
.	.	pl

Sjóðið	sjóða	sbg2fn
saman	saman	aa
matreiðslurjóman	matreiðslurjómi	x
og	og	c
skófið	skóf	nheog
af	af	af
kjötbollunum	kjötbolla	nvfþg
(	(	pa
ef	ef	c
skófið	skóf	nheng
nær	ná	sfg3en
ekki	ekki	aa
3	3	ta
dl	dl	ks
,	,	pk
bætið	bæta	sbg2fn
þá	þá	aa
saman	saman	aa
við	við	aa
1-3	1-3	ta
steiktum	steiktur	lvfþsf
bollum	bolla	nvfþ
)	)	pa
.	.	pl

Þegar	þegar	c
búið	búinn	lhensf
er	vera	sfg3en
að	að	cn
sjóða	sjóða	sng
upp	upp	aa
á	á	af
rjómanum	rjómi	nkeþg
og	og	c
hann	hann	fpken
hefur	hafa	sfg3en
lyft	lyfta	sþghen
sér	sig	fpkeþ
eins	eins	aa
og	og	c
«	«	pg
soufflé	soufflé	e
»	»	pg
þá	þá	aa
er	vera	sfg3en
mjólkurprótínið	mjólkurprótín	nheng
karamelliserað	karamelliseraður	lhensf
og	og	c
hægt	hægur	lhensf
að	að	cn
hræra	hræra	sng
sósublöndunni	sósublanda	nveþg
saman	saman	aa
við	við	aa
.	.	pl

Látið	láta	sbg2fn
sósuna	sósa	nveog
malla	malla	sng
saman	saman	aa
í	í	af
10-15	10-15	ta
mín.	mín.	kt
og	og	c
hrærið	hræra	sbg2fn
í	í	af
öðru	annar	foheþ
hvoru	hvor	foheþ
-	-	pa
sérstaklega	sérstaklega	aa
skófið	skóf	nheog
í	í	af
bottninum	botn	nkeþg
svo	svo	aa
það	það	fphen
brenni	brenna	svg3en
ekki	ekki	aa
við	við	aa
.	.	pl

Bætið	bæta	sbg2fn
mjólkinni	mjólk	nveþg
út	út	aa
í	í	aa
og	og	c
sjóðið	sjóða	sbg2fn
aftur	aftur	aa
upp	upp	aa
á	á	aa
.	.	pl

Bætið	bæta	sbg2fn
í	í	aa
salti	salt	nheþ
og	og	c
pipar	pipar	nkeþ
ef	ef	c
þurfa	þurfa	sng
þykir	þykja	sfg3en
-	-	pa
en	en	c
sósan	sósa	nveng
á	eiga	sfg3en
að	að	cn
vera	vera	sng
með	með	af
mildu	mildur	lheþsf
rjómabragði	rjómabragð	nheþ
,	,	pk
ekki	ekki	aa
kryddbragði	kryddbragð	nheþ
.	.	pl

Græn	grænn	lvensf
hvítvínssósa	hvítvínssósa	nven
með	með	af
forréttar-jólafiskinum	forréttar-jólafiskur	nkeþg

Fyrir	fyrir	af
8	8	ta
:	:	pa
3	3	ta
bréf	bréf	nhfn
Blå	Blå	e
Band	Band	e
Vittvinssås	Vittvinssås	e
-	-	pa
2	2	ta
harðsoðin	harðsoðinn	lhfnsf
egg	egg	nhfn
-	-	pa
1	1	ta
búnt	búnt	nhen
fersk	ferskur	lvensf
steinselja	steinselja	nven
-	-	pa
1	1	ta
dl	dl	ks
frystar	frystur	lvfnsf
og	og	c
afþíddar	afþíddur	lvfnsf
grænar	grænn	lvfnsf
baunir	baun	nvfn
-	-	pa
4,5	4,5	ta
dl	dl	ks
vatn	vatn	nhen
-	-	pa
3	3	ta
dl	dl	ks
mjólk	mjólk	nven

Fínhakkið	fínhakka	sbg2fn
steinseljuna	steinselja	nveog
og	og	c
grófhakkið	grófhakka	sbg2fn
eggin	egg	nhfog
.	.	pl

Hrærið	hræra	sbg2fn
sósuduftið	sósuduft	nheog
út	út	aa
í	í	af
kalt	kaldur	lheosf
vatn	vatn	nheo
skv.	skv.	ks
leiðbeiningum	leiðbeining	nvfþ
á	á	af
pakka	pakki	nkeþ
,	,	pk
bætið	bæta	sbg2fn
mjólk	mjólk	nveþ
við	við	aa
og	og	c
sjóðið	sjóða	sbg2fn
upp	upp	aa
á	á	aa
.	.	pl

Lækkið	lækka	sbg2fn
hitann	hiti	nkeog
og	og	c
látið	láta	sbg2fn
malla	malla	sng
saman	saman	aa
í	í	af
5	5	ta
mín	mín.	x
,	,	pk
hrærið	hræra	sbg2fn
í	í	aa
.	.	pl

Bætið	bæta	sbg2fn
steinseljunni	steinselja	nveþg
út	út	aa
í	í	aa
og	og	c
kryddið	krydda	sbg2fn
með	með	af
salti	salt	nheþ
og	og	c
hvítum	hvítur	lkeþsf
pipar	pipar	nkeþ
.	.	pl

Rétt	rétt	aa
áður	áður	aa
en	en	c
sósan	sósa	nveng
er	vera	sfg3en
borin	bera	sþgven
fram	fram	aa
eru	vera	sfg3fn
baunirnar	baun	nvfng
og	og	c
harðsoðnu	harðsoðinn	lhfnvf
egginn	egg	x
hrærð	hræra	sþghfn
út	út	aa
í	í	aa
.	.	pl

Gleðileg	gleðilegur	lhfosf
jól	jól	nhfo

Fréttabréf	fréttabréf	nhen
nr	nr.	ks
58	58	ta
-	-	pa
Scalloppini	Scalloppini	n----s
með	með	af
kjúklingabringum	kjúklingabringa	nvfþ
,	,	pk
gengur	ganga	sfg3en
það	það	fphen
?	?	pl

Scallopini	Scallopini	n----s
með	með	af
kjúklingabringum	kjúklingabringa	nvfþ
-	-	pa
fljótlagað	fljótlagaður	lhensf
-	-	pa
gott	góður	lhensf
og	og	c
safaríkt	safaríkur	lhensf

Með	með	af
þessari	þessi	faveþ
aðferð	aðferð	nveþ
er	vera	sfg3en
hægt	hægur	lhensf
að	að	cn
nota	nota	sng
hvað	hver	foheo
annað	annar	foheo
vel	vel	aa
snyrt	snyrtur	lheosf
kjötstykki	kjötstykki	nheo
í	í	af
staðin	staður	x
fyrir	fyrir	af
kjúklingabringurnar	kjúklingabringa	nvfog
-	-	pa
gæta	gæta	sng
þess	það	fphee
bara	bara	aa
að	að	c
það	það	fphen
sé	vera	svg3en
skorið	skera	sþghen
í	í	af
svipaða	svipaður	lveosf
ykkt	ykkt	x
og	og	c
stærð	stærð	nveo
og	og	c
bringurnar	bringa	nvfng
.	.	pl

Lamba-	lambakjöt	nhen
kálfa-	kálfakjöt	nhen
svína-	svínakjöt	kt
eða	eða	c
nautakjöt	nautakjöt	nhen
.	.	pl

Þitt	þinn	fehen
er	vera	sfg3en
valið	val	nheng
.	.	pl

Aðalatriðið	aðalatriði	nheng
er	vera	sfg3en
að	að	c
það	það	fphen
verði	verða	svg3en
alltaf	alltaf	aa
jafnsteikt	jafnsteiktur	lhensf
og	og	c
safaríkt	safaríkur	lhensf
.	.	pl

Borið	bera	sþghen
síðan	síðan	aa
fram	fram	aa
með	með	af
soðnu	soðinn	lheþsf
grænmeti	grænmeti	nheþ
gerir	gera	sfg3en
réttinn	réttur	nkeog
bæði	bæði	c
hollann	hollur	x
og	og	c
góðann	góður	x
.	.	pl

Að	að	cn
bera	bera	sng
rótargrænmetið	rótargrænmeti	nheog
fram	fram	aa
-	-	pa
í	í	af
þessu	þessi	faheþ
tilfelli	tilfelli	nheþ
sellerirót	sellerirót	nveo
-	-	pa
bæði	bæði	c
steikt	steiktur	lheosf
og	og	c
soðið	soðinn	lheosf
gerir	gera	sfg3en
réttinn	réttur	nkeog
ennþá	ennþá	aa
bragðmeiri	bragðmikill	lkeovm
.	.	pl

Hráefni	hráefni	nhen
fyrir	fyrir	af
4	4	ta
:	:	pa
4	4	ta
skinnlausar	skinnlaus	lvfnsf
kjúklingabringur	kjúklingabringa	nvfn
-	-	pa
2	2	ta
msk	msk	ks
ISIO4	isio4	x
heilsuolía	heilsuolía	nven
-	-	pa

Tillaga	tillaga	nven
á	á	af
meðlæti	meðlæti	nheþ
:	:	pa

Ferskt	ferskur	lhensf
:	:	pa

Salat	salat	nhen
-	-	pa
kletta-	klettur	kt
,	,	pk
lambhaga	lambhagi	nkfe
að	að	af
eigin	eigin	lheþof
vali	val	nheþ
-	-	pa
Gúrka	gúrka	nven
í	í	af
teningum	teningur	nkfþ
-	-	pa
Gulrætur	gulrót	nvfn
,	,	pk
litlar	lítill	lvfnsf
-	-	pa
evt.	evt.	ks
fínskorinn	fínskorinn	lkensf
tómatur	tómatur	nken
Soðið	soðinn	lhensf
:	:	pa

Rustichella	rustichella	e
pasta	pasta	nhen
fyrir	fyrir	af
4	4	ta
(	(	pa
hér	hér	aa
nota	nota	sfg1en
ég	ég	fp1en
penne	penne	e
)	)	pa
-	-	pa
Sellerirót	sellerirót	nven
fínskorin	fínskorinn	lvensf
í	í	af
teninga	teningur	nkfo
-	-	pa
Paprika	paprika	nven
,	,	pk
rauð-	rauður	lvensf
græn-	grænn	kt
og	og	c
gul	gulur	lvensf
fínskorin	fínskorinn	lvensf
í	í	af
teninga	teningur	nkfo
-	-	pa
Spergilkál	spergilkál	nhen
,	,	pk
grófskorið	grófskorinn	lhensf
evt.	evt.	ks
fínhakkaður	fínhakkaður	lkensf
hvítlaukur	hvítlaukur	nken
Steikt	steiktur	lhensf
:	:	pa

Sveppir	sveppur	nkfn
(	(	pa
ég	ég	fp1en
fann	finna	sfg1eþ
nokkra	nokkur	fokfo
Slímstauta	Slímstauti	nkfo-s
í	í	af
Heiðmörk	Heiðmörk	nveþ-s
-	-	pa
nammi	nammi	nhen
góðir	góður	lkfnsf
)	)	pa
Sellerirót	sellerirót	nven
fínskorin	fínskorinn	lvensf
í	í	af
teninga	teningur	nkfo
-	-	pa
Beikon	beikon	nhen
(	(	pa
og	og	c
smjörpappír	smjörpappír	nken
-	-	pa
fyrir	fyrir	af
fituminna	fitulítill	lheovm
beikon	beikon	nheo
)	)	pa

Furuhnetur	furuhneta	nvfn
-	-	pa
evt	evt	x
fínskorin	fínskorinn	x
laukur	laukur	nken

Sósa	sósa	nven
eða	eða	c
Salsa	Salsa	e
?	?	pl

1-2	1-2	ta
bréf	bréf	nhfn
af	af	af
Blå	Blå	e
Band	Band	e
sås	sås	e
að	að	af
eigin	eigin	lheþof
vali	val	nheþ
-	-	pa
eða	eða	c
Salsa	Salsa	e
eða	eða	c
Pesto	Pesto	e
frá	frá	af
Rustichella	Rustichella	e
d	d	e
'	'	pg
Abruzzo	Abruzzo	e

Undirbúningur	undirbúningur	nken
.	.	pl

Hreinsið	hreinsa	sbg2fn
sveppi	sveppur	nkfo
og	og	c
grænmeti	grænmeti	nheo
.	.	pl

Skerið	skera	sbg2fn
rótargrænmetið	rótargrænmeti	nheog
í	í	af
fína	fínn	lkfosf
teninga	teningur	nkfo
.	.	pl

Skerið	skera	sbg2fn
spergilkál	spergilkál	nheo
og	og	c
sveppi	sveppur	nkfo
í	í	af
grófa	grófur	lkfosf
bita	biti	nkfo
.	.	pl

Látið	láta	sbg2fn
kjúklingabringuna	kjúklingabringa	nveog
snúa	snúa	sng
með	með	af
ávölu	ávalur	lveþvf
hliðinni	hlið	nveþg
upp	upp	aa
.	.	pl

Leggið	leggja	sbg2fn
lófann	lófi	nkeog
ofaná	ofaná	aa
og	og	c
haldið	halda	sbg2fn
föstu	fastur	lheþsf
með	með	af
léttum	léttur	lkeþsf
þrýstingi	þrýstingur	nkeþ
og	og	c
skerið	skera	sbg2fn
í	í	af
kjötið	kjöt	nheog
með	með	af
beittum	beittur	lkeþsf
hníf	hnífur	nkeþ
að	að	af
vinstri	vinstri	lveþvf
hliðinni	hlið	nveþg
en	en	c
ekki	ekki	aa
skera	skera	sng
í	í	aa
gegn	gegn	aa
,	,	pk
kjötið	kjöt	nheng
á	eiga	sfg3en
að	að	cn
halda	halda	sng
saman	saman	aa
.	.	pl

Sneiðin	sneið	nveng
á	eiga	sfg3en
aðeins	aðeins	aa
að	að	cn
vera	vera	sng
1/3	1/3	ta
af	af	af
þykkt	þykkt	nveþ
bringunnar	bringa	nveeg
.	.	pl

Fletjið	fletja	sbg2fn
út	út	aa
kjötið	kjöt	nheog
.	.	pl

Nú	nú	aa
er	vera	sfg3en
kjötstykkið	kjötstykki	nheng
komið	koma	sþghen
í	í	af
tvöfalda	tvöfaldur	lveosf
breidd	breidd	nveo
sína	sinn	feveo
.	.	pl

Snúið	snúa	sbg2fn
bringunni	bringa	nveþg
við	við	aa
og	og	c
skerið	skera	sbg2fn
í	í	aa
útfrá	útfrá	af
þykkasta	þykkur	lkeþve
hlutanum	hluti	nkeþg
í	í	af
miðju	miðja	nveþ
og	og	c
út	út	aa
í	í	af
enda	endi	nkeo
.	.	pl

En	en	c
eins	eins	aa
og	og	c
áður	áður	aa
,	,	pk
ekki	ekki	aa
í	í	aa
gegn	gegn	aa
því	það	fpheþ
kjötið	kjöt	nheng
á	eiga	sfg3en
að	að	cn
halda	halda	sng
saman	saman	aa
.	.	pl

Ef	ef	c
rétt	rétt	aa
hefur	hafa	sfg3en
verið	vera	sþghen
gert	gera	sþghen
á	eiga	sfg3en
bringan	bringa	nveng
að	að	cn
vera	vera	sng
komin	koma	sþgven
í	í	af
þrefalda	þrefaldur	lveosf
stærð	stærð	nveo
sína	sinn	feveo
.	.	pl

Leggið	leggja	sbg2fn
filmu	filma	nveo
á	á	af
útflatt	útflattur	lheosf
kjötið	kjöt	nheog
og	og	c
hamrið	hamra	sbg2fn
létt	létt	aa
með	með	af
flötu	flatur	lveþvf
hliðinni	hlið	nveþg
á	á	af
kjöthammrinum	kjöthamar	nkeþg
til	til	af
þess	það	fphee
að	að	cn
jafna	jafna	sng
það	það	fpheo
-	-	pa
ekki	ekki	aa
samt	samt	aa
í	í	af
mauk	mauk	nheo
.	.	pl

Látið	láta	sbg2fn
bíða	bíða	sng
undir	undir	af
filmu	filma	nveþ
þar	þar	aa
til	til	aa
að	að	af
steikingu	steiking	nveþ
kemur	koma	sfg3en
.	.	pl

Matreiðsla	matreiðsla	nven
:	:	pa

Byrjið	byrja	sbg2fn
á	á	aa
á	á	aa
sjóða	sjóða	sng
pastað	pasta	nheog
.	.	pl

Sjóðið	sjóða	sbg2fn
grænmetið	grænmeti	nheog
í	í	af
örbylgjuofni	örbylgjuofn	nkeþ
eða	eða	c
á	á	af
hellu	hella	nveþ
.	.	pl

Gætið	gæta	sbg2fn
þess	það	fphee
bara	bara	aa
að	að	cn
sjóða	sjóða	sng
það	það	fpheo
«	«	pg
al	al	e
dente	dente	e
»	»	pg
.	.	pl

Eftirfarandi	eftirfarandi	lheoof
gerði	gera	sfg1eþ
ég	ég	fp1en
:	:	pa
Strengjabaunir	strengjabaun	nvfn
skornar	skera	sþgvfn
í	í	af
bita	biti	nkfo
soðnar	sjóða	sþgvfn
í	í	af
miklu	mikill	lheþsf
vatni	vatn	nheþ
í	í	af
örbylgjuofni	örbylgjuofn	nkeþ
í	í	af
2	2	ta
mín	mín.	x
á	á	af
hæsta	hár	lkeþve
hita	hiti	nkeþ
.	.	pl

Takið	taka	sbg2fn
út	út	aa
og	og	c
bætið	bæta	sbg2fn
við	við	aa
helmingnum	helmingur	nkeþg
af	af	af
sellerirótinni	sellerirót	nveþg
.	.	pl

Sjóðið	sjóða	sbg2fn
í	í	af
1	1	ta
mín	mín.	x
á	á	af
hæsta	hár	lkeþve
hita	hiti	nkeþ
.	.	pl

Takið	taka	sbg2fn
út	út	aa
og	og	c
bætið	bæta	sbg2fn
við	við	aa
paprikunni	paprika	nveþg
.	.	pl

Sjóðið	sjóða	sbg2fn
í	í	af
1	1	ta
mín.	mín.	kt

Þekjið	þekja	sbg2fn
með	með	af
filmu	filma	nveþ
og	og	c
látið	láta	sbg2fn
bíða	bíða	sng
að	að	af
framreiðslu	framreiðsla	nveþ
.	.	pl

Setjið	setja	sbg2fn
spergilkálið	spergilkál	nheog
í	í	af
aðra	annar	foveo
skál	skál	nveo
,	,	pk
fyrst	fyrr	aae
flysjaða	flysjaður	lkfosf
stilkana	stilkur	nkfog
og	og	c
sjóðið	sjóða	sbg2fn
í	í	af
1	1	ta
mín	mín.	x
í	í	af
miklu	mikill	lheþsf
vatni	vatn	nheþ
.	.	pl

Bætið	bæta	sbg2fn
síðan	síðan	aa
restinni	rest	nveþg
við	við	aa
og	og	c
sjóðið	sjóða	sbg2fn
áfram	áfram	aa
í	í	af
3	3	ta
mín.	mín.	kt

Þekjið	þekja	sbg2fn
og	og	c
látið	láta	sbg2fn
bíða	bíða	sng
.	.	pl

Salsa	Salsa	e
frá	frá	af
Rustichella	Rustichella	e
d	d	e
'	'	pg
Abruzzo	Abruzzo	e

Steikt	steiktur	lhensf
meðlæti	meðlæti	nhen
:	:	pa

Brúnið	brúna	sbg2fn
hinn	hinn	fakeo
helminginn	helmingur	nkeog
af	af	af
sellerirótinni	sellerirót	nveþg
í	í	af
sömu	samur	fbhfþ
hlutföllum	hlutfall	nhfþ
af	af	af
smjörva	smjörvi	nkeþ
og	og	c
ISIO4	isio4	x
,	,	pk
bætið	bæta	sbg2fn
sveppunum	sveppur	nkfþg
við	við	aa
þegar	þegar	c
sellerirótinn	sellerírót	x
hefur	hafa	sfg3en
tekið	taka	sþghen
lit	litur	nkeo
og	og	c
brúnið	brúna	sbg2fn
vel	vel	aa
.	.	pl

Kryddið	krydda	sbg2fn
með	með	af
salti	salt	nheþ
og	og	c
pipar	pipar	nkeþ
.	.	pl

Til	til	af
að	að	cn
fá	fá	sng
fituminna	fitulítill	lheovm
beikon	beikon	nheo
leggjum	leggja	sfg1fn
við	ég	fp1fn
það	það	fpheo
á	á	aa
milli	milli	af
2ja	2ja	ta
laga	lag	nhfe
af	af	af
smjörpappír	smjörpappír	nkeþ
og	og	c
setjum	setja	sfg1fn
í	í	af
örbylgjuofn	örbylgjuofn	nkeo
í	í	af
2	2	ta
mín	mín.	x
á	á	af
hæsta	hár	lkeþve
hita	hiti	nkeþ
.	.	pl

Látið	láta	sbg2fn
umframfitu	umframfita	nveo
renna	renna	sng
af	af	aa
á	á	af
eldhúspappír	eldhúspappír	nkeo
.	.	pl

Grillsteikt	grillsteiktur	lhensf
Scallopini	Scallopini	n----s
:	:	pa

Hitið	hita	sbg2fn
upp	upp	aa
þurra	þurr	lveosf
grillpönnu	grillpanna	nveo
þar	þar	aa
til	til	aa
hún	hún	fpven
verður	verða	sfg3en
«	«	pg
rjúkandi	rjúkandi	aa
»	»	pg
heit	heitur	lvensf
.	.	pl

Penslið	pensla	sbg2fn
útflöttu	útflattur	lvfovf
bringurnar	bringa	nvfog
létt	létt	aa
með	með	af
ISIO4	isio4	x
og	og	c
kryddið	krydda	sbg2fn
með	með	af
nýmöluðum	nýmalaður	lkeþsf
pipar	pipar	nkeþ
og	og	c
salti	salt	nheþ
.	.	pl

Grillið	grilla	sbg2fn
í	í	af
30	30	ta
sekúndur	sekúnda	nvfo
.	.	pl

Snúið	snúa	sbg2fn
við	við	aa
,	,	pk
penslið	pensla	sbg2fn
með	með	af
olíu	olía	nveþ
,	,	pk
kryddið	krydda	sbg2fn
og	og	c
grillið	grilla	sbg2fn
í	í	af
30	30	ta
sek.	sek.	kt

Snúið	snúa	sbg2fn
kjötinu	kjöt	nheþg
aftur	aftur	aa
við	við	aa
og	og	c
grillið	grilla	sbg2fn
í	í	af
30	30	ta
sek.	sek.	kt

Endurtakið	endurtaka	sbg2fn
hina	hinn	faveo
hliðin	hlið	x
líka	líka	aa
í	í	af
30	30	ta
sek.	sek.	kt

Berið	bera	sbg2fn
fram	fram	aa
með	með	af
meðlætinu	meðlæti	nheþg
.	.	pl

Fréttabréf	fréttabréf	nhen
nr	nr.	ks
58	58	ta
-	-	m
1.	1.	ta
nóvember	nóvember	nkeo
2006	2006	ta

Sjötunga	sjötunga	nven
Walewska	Walewska	n----s
er	vera	sfg3en
ein	einn	tfven
af	af	af
þeim	sá	favfþ
klassísku	klassískur	lvfþvf
veitingahúsauppskriftum	veitingahúsauppskrift	nvfþ
sem	sem	ct
ég	ég	fp1en
lærði	læra	sfg1eþ
af	af	af
Per-Eric	Per-Eric	n----s
Johansson	Johansson	n----s
á	á	af
þeim	sá	fakeþ
tíma	tími	nkeþ
sem	sem	ct
hann	hann	fpken
var	vera	sfg3eþ
prófdómari	prófdómari	nken
við	við	af
okkaskólann	okkaskóli	nkeog
í	í	af
Malmö	Malmö	n----s
.	.	pl

Í	í	af
þrjú	þrír	tfhfo
ár	ár	nhfo
unnum	vinna	sfg1fþ
við	ég	fp1fn
hlið	hlið	nveo
við	við	af
hlið	hlið	nveo
okkur	ég	fp1fo
í	í	aa
gegnum	gegnum	af
2.400	2.400	ta
uppskriftir	uppskrift	nvfo
sem	sem	ct
komu	koma	sfg3fþ
út	út	aa
í	í	af
Bonniers	Bonniers	n----s
Stora	Stora	e
Kokbok	Kokbok	e
(	(	pa
útgefin	útgefinn	lvensf
1981	1981	ta
)	)	pa
.	.	pl

Mestu	mikill	lkfnve
hæfileikar	hæfileiki	nkfn
Pelles	Pelle	n----s
voru	vera	sfg3fþ
sósur	sósa	nvfn
og	og	c
fiskur	fiskur	nken
og	og	c
fólk	fólk	nhen
kom	koma	sfg3eþ
í	í	af
pílagrímsferðir	pílagrímsferð	nvfo
allt	allur	fohen
frá	frá	af
Skáni	Skánn	nkeþ-s
(	(	pa
og	og	c
einnig	einnig	aa
Stokkhólmi	Stokkhólmur	nkeþ-s
)	)	pa
til	til	af
að	að	cn
borða	borða	sng
Walewska	Walewska	n----s
hjá	hjá	af
honum	hann	fpkeþ
.	.	pl

Rétturinn	réttur	nkeng
hefur	hafa	sfg3en
fengið	fá	sþghen
nafn	nafn	nheo
sitt	sinn	feheo
frá	frá	af
pólskri	pólskur	lveþsf
greifynju	greifynja	nveþ
sem	sem	ct
var	vera	sfg3eþ
ástkona	ástkona	nven
Napóleons	Napóleon	nkee-s
1	1	ta
og	og	c
var	vera	sfg3eþ
hann	hann	fpken
mjög	mjög	aa
vinsæll	vinsæll	lkensf
á	á	af
árunum	ár	nhfþg
1900-1930	1900-1930	ta
þar	þar	aa
sem	sem	c
hann	hann	fpken
var	vera	sfg3eþ
borin	bera	sþgken
fram	fram	aa
undir	undir	af
kristalsljósakrónum	kristalsljósakróna	nvfþ
á	á	af
Savoy	Savoy	n----s
,	,	pk
Ritz	Ritz	n----s
og	og	c
Dorchester	Dorchester	n----s
og	og	c
öllum	allur	fohfþ
öðrum	annar	fohfþ
fínum	fínn	lhfþsf
hótelum	hótel	nhfþ
og	og	c
Evrópskum	evrópskur	lhfþsf
veitingarhúsum	veitingarhús	nhfþ
.	.	pl

Í	í	af
sænsku	sænskur	lveþvf
bókinni	bók	nveþg
minni	minn	feveþ
scoffiers	scoffiers	n----s
Stora	Stora	e
Kokbok	Kokbok	e
frá	frá	af
1927	1927	ta
er	vera	sfg3en
rétturinn	réttur	nkeng
númer	númer	nhen
450	450	ta
og	og	c
er	vera	sfg3en
búin	búinn	x
til	til	aa
með	með	af
sólflúru	sólflúra	nveþ
,	,	pk
humar	humar	nkeþ
,	,	pk
humarsmjör	humarsmjör	x
,	,	pk
fiskessens	fiskessens	e
,	,	pk
ferskum	ferskur	lvfþsf
trufflum	truffla	nvfþ
og	og	c
Mornaysósu	Mornaysósa	nveþ-s
.	.	pl

Í	í	af
Pelles	Pelle	n----s
útfærslu	útfærsla	nveþ
var	vera	sfg3eþ
trufflum	truffla	nvfþ
skipt	skipta	sþghen
á	á	aa
móti	móti	af
sveppum	sveppur	nkfþ
og	og	c
Mornaysósa	Mornaysósa	nven-s
á	á	aa
móti	móti	af
humarsósu	humarsósa	nveþ
.	.	pl

Í	í	af
íslensku	íslenskur	lveþvf
útfærslu	útfærsla	nveþ
minni	minn	feveþ
nota	nota	sfg1en
ég	ég	fp1en
rauðsprettu	rauðspretta	nveo
í	í	af
staðin	staður	x
fyrir	fyrir	af
sólflúru	sólflúra	nveo
og	og	c
létthumar	létthumar	nkeo
(	(	pa
Nephrops	Nephrops	e
norvegicus	norvegicus	e
)	)	pa
í	í	af
staðin	staður	x
fyrir	fyrir	af
humar	humar	nkeo
(	(	pa
Homarus	Homarus	e
vulgaris	vulgaris	e
)	)	pa
.	.	pl

Rétturinn	réttur	nkeng
samanstendur	samanstanda	sfg3en
af	af	af
4	4	ta
aðalatriðum	aðalatriði	nhfþ
:	:	pa
Hvítvínssoðnum	hvítvínssoðinn	lhfþsf
rauðsprettuflökum	rauðsprettuflak	nhfþ
,	,	pk
alveg	alveg	aa
ótrúlegri	ótrúlegur	lveþsf
sósu	sósa	nveþ
,	,	pk
sveppum	sveppur	nkfþ
og	og	c
humri	humar	nkeþ
ásamt	ásamt	af
gratineraðri	gratineraður	lveþsf
luxuskartöflumús	luxuskartöflumús	nveþ
.	.	pl

Einfallt	einfaldur	x
-	-	pa
ekki	ekki	aa
satt	sannur	lhensf
?	?	pl

Íslensk	íslenskur	lvensf
Walewska	Walewska	n----s

Það	það	fphen
er	vera	sfg3en
alls	allur	fohee
ekki	ekki	aa
erfitt	erfiður	lhensf
að	að	cn
búa	búa	sng
til	til	aa
þennan	þessi	fakeo
veislurétt	veisluréttur	nkeo
og	og	c
ekkert	enginn	fohen
sérstaklega	sérstaklega	aa
dýrt	dýr	lhensf
heldur	heldur	aam
.	.	pl

Það	sá	fahen
eina	einn	lhenvf
sem	sem	ct
tekur	taka	sfg3en
tíma	tími	nkeo
er	vera	sfg3en
sósan	sósa	nveng
og	og	c
hún	hún	fpven
verður	verða	sfg3en
að	að	cn
vera	vera	sng
með	með	af
rétt	réttur	lheosf
hráefni	hráefni	nheo
.	.	pl

Það	það	fphen
verður	verða	sfg3en
að	að	cn
nota	nota	sng
humarskelina	humarskel	nveog
fyrir	fyrir	af
sósuna	sósa	nveog
.	.	pl

Þegar	þegar	c
ég	ég	fp1en
laga	laga	sfg1en
Walewska	Walewska	n----s
útbý	útbúa	sfg1en
ég	ég	fp1en
sósuna	sósa	nveog
deginum	dagur	nkeþg
áður	áður	aa
.	.	pl

Ef	ef	c
þú	þú	fp2en
vilt	vilja	sfg2en
ekki	ekki	aa
roðfletta	roðfletta	sng
fiskinn	fiskur	nkeog
sjálf	sjálfur	fbven
(	(	pa
ur	ur	x
)	)	pa
(	(	pa
einfalt	einfaldur	lhensf
,	,	pk
sjá	sjá	sng
mynd	mynd	nveo
2.	2.	ta
)	)	pa
,	,	pk
getur	geta	sfg2en
þú	þú	fp2en
beðið	biðja	sþghen
fisksalann	fisksali	nkeog
að	að	cn
gera	gera	sng
það	það	fpheo
fyrir	fyrir	af
þig	þú	fp2eo
-	-	pa
en	en	c
segðu	segja	sbg2en
honum	hann	fpkeþ
að	að	cn
láta	láta	sng
roðið	roð	nheog
fylgja	fylgja	sng
með	með	aa
því	það	fpheþ
það	það	fphen
er	vera	sfg3en
notað	nota	sþghen
til	til	af
að	að	cn
búa	búa	sng
til	til	aa
sósuna	sósa	nveog
.	.	pl

Lystauki	lystauki	nken
sem	sem	ct
ég	ég	fp1en
get	geta	sfg1en
hugsað	hugsa	sþghen
mér	ég	fp1eþ
fyrir	fyrir	af
þennan	þessi	fakeo
aðalrétt	aðalréttur	nkeo
eru	vera	sfg3fn
nokkrar	nokkur	fovfn
sneiðar	sneið	nvfn
af	af	af
þunnt	þunnt	aa
skornum	skorinn	lkeþsf
Gruyerosti	Gruyerostur	nkeþ-s
,	,	pk
smurðu	smurður	lheþsf
kexi	kex	nheþ
og	og	c
sama	samur	fbhen
hvítvín	hvítvín	nhen
sem	sem	ct
borið	bera	sþghen
er	vera	sfg3en
fram	fram	aa
með	með	af
aðalréttinum	aðalréttur	nkeþg
.	.	pl

Sneið	sneið	nven
af	af	af
góðu	góður	lheþsf
fiskpaté	fiskpaté	nheþ
er	vera	sfg3en
einnig	einnig	aa
góður	góður	lkensf
valkostur	valkostur	nken
.	.	pl

Í	í	af
uppáhaldi	uppáhald	nheþ
hjá	hjá	af
mér	ég	fp1eþ
er	vera	sfg3en
hvítt	hvítur	lhensf
,	,	pk
þurrt	þurr	lhensf
Búrgúndarvín	Búrgúndarvín	nhen-s
(	(	pa
t.d.	t.d.	ks
Mersault	Mersault	n----s
)	)	pa
-	-	pa
verðflokkurinn	verðflokkur	nkeng
fer	fara	sfg3en
eftir	eftir	af
hverjum	hver	fokeþ
og	og	c
einum	einn	fokeþ
.	.	pl

(	(	pa
Patriarche	Patriarche	n----s
er	vera	sfg3en
ódýrt	ódýr	lhensf
og	og	c
mitt	minn	fehen
val	val	nhen
bæði	bæði	c
í	í	af
sósu	sósa	nveþ
og	og	c
til	til	af
að	að	cn
sjóða	sjóða	sng
fiskinn	fiskur	nkeog
upp	upp	aa
úr	úr	aa
en	en	c
Labouré-Roi	Labouré-Roi	n----s
Chardonnay	Chardonnay	e
er	vera	sfg3en
einnig	einnig	aa
gott	góður	lhensf
val	val	nhen
í	í	af
sósu	sósa	nveþ
,	,	pk
mynd	mynd	nveþ
1.	1.	ta
)	)	pa
.	.	pl

Fyrir	fyrir	af
þá	sá	fakfo
sem	sem	ct
vilja	vilja	sfg3fn
sleppa	sleppa	sng
hvítvíninu	hvítvín	nheþg
er	vera	sfg3en
kælt	kældur	lhensf
íslenskt	íslenskur	lhensf
vatn	vatn	nhen
fullkomið	fullkominn	lhensf
.	.	pl

Hráefni	hráefni	nhen
fyrir	fyrir	af
4	4	ta
:	:	pa
600	600	ta
g	g	ks
rauðspretta	rauðspretta	nven
-	-	pa
1,5	1,5	ta
dl	dl	ks
hvítt	hvítur	lhensf
Búrgúndarvín	búrgúndarvín	nhen-s
t.d.	t.d.	ks
Patriarche	Patriarche	n----s
eða	eða	c
Labouré	Labouré	n----s
Roi	Roi	n----s
-	-	pa
3	3	ta
msk	msk	ks
smjörvi	smjörvi	nken
-	-	pa
100	100	ta
g	g	ks
litlir	lítill	lkfnsf
ferskir	ferskur	lkfnsf
sveppir	sveppur	nkfn
-	-	pa
6	6	ta
cl	cl	ks
Koníak	koníak	nhen
400	400	ta
g	g	ks
humar	humar	nken
í	í	af
skel	skel	nveþ
(	(	pa
skelin	skel	nveng
er	vera	sfg3en
notuð	nota	sþgven
í	í	af
sósuna	sósa	nveog
)	)	pa
-	-	pa
salt	salt	nhen
,	,	pk
hvítur	hvítur	lkensf
pipar	pipar	nken

Humarsósa	humarsósa	nven
(	(	pa
mynd	mynd	nven
3.	3.	ta
)	)	pa
:	:	pa
3-4	3-4	ta
msk	msk	ks
ISIO4	isio4	x
heilsuolía	heilsuolía	nven
-	-	pa
1	1	ta
gulur	gulur	lkensf
laukur	laukur	nken
-	-	pa
1	1	ta
biti	biti	nken
sellerírót	sellerírót	nven
-	-	pa
1	1	ta
gulrót	gulrót	nven
-	-	pa
2	2	ta
msk	msk	ks
tómatpuré	tómatpuré	n-en
-	-	pa
2	2	ta
msk	msk	ks
Touch	Touch	e
of	of	e
Taste	Taste	e
Hummerfond	Hummerfond	e
1	1	ta
msk	msk	ks
Touch	Touch	e
of	of	e
Taste	Taste	e
Fiskfond	Fiskfond	e
-	-	pa
7,5	7,5	ta
dl	dl	ks
vatn	vatn	nhen
-	-	pa
2,5	2,5	ta
dl	dl	ks
rjómi	rjómi	nken
-salt	salt	nhen
,	,	pk
cayennepipar	cayennepipar	nken
.	.	pl

Kartöflumús	kartöflumús	nven
(	(	pa
mynd	mynd	nven
4.	4.	ta
)	)	pa
:	:	pa
1	1	ta
kg	kg	ks
kartöflur	kartafla	nvfn
-	-	pa
4	4	ta
eggjarauður	eggjarauða	nvfn
-	-	pa
50	50	ta
g	g	ks
smjörvi	smjörvi	nken
-	-	pa
múskat	múskat	nhen
,	,	pk
salt	salt	nhen
,	,	pk
hvítur	hvítur	lkensf
pipar	pipar	nken
.	.	pl

Undirbúningur	undirbúningur	nken
-	-	pa
sósa	sósa	nven
(	(	pa
gjarnan	gjarnan	aa
daginn	dagur	nkeog
áður	áður	aa
)	)	pa

Afþíðið	afþíða	sbg2fn
og	og	c
hreinsið	hreinsa	sbg2fn
humarinn	humar	nkeog
.	.	pl

Steitið	steita	sbg2fn
skelina	skel	nveog
í	í	af
morteli	mortel	nheþ
.	.	pl

(	(	pa
Ég	ég	fp1en
á	eiga	sfg1en
alltaf	alltaf	aa
þurrkaða	þurrkaður	lveosf
skel	skel	nveo
á	á	af
lager	lager	nkeþ
-	-	pa
næst	nærri	aae
þegar	þegar	c
þú	þú	fp2en
ert	vera	sfg2en
með	með	af
humar	humar	nkeo
,	,	pk
taktu	taka	sbg2en
þá	þá	aa
skelina	skel	nveog
og	og	c
þurrkaðu	þurrka	sbg2en
í	í	af
ofni	ofn	nkeþ
á	á	af
75°	75°	ta
.	.	pl

Geymist	geyma	svm3en
í	í	af
opnu	opinn	lheþsf
íláti	ílát	nheþ
i	í	x
allt	allur	foheo
að	að	aa
8	8	ta
mánuði	mánuður	nkfo
.	.	pl

Notið	nota	sbg2fn
í	í	af
næstu	næstur	lveove
sósu	sósa	nveo
.	.	pl
)	)	pa

Hreinsið	hreinsa	sbg2fn
og	og	c
skerið	skera	sbg2fn
gulrót	gulrót	nveo
,	,	pk
lauk	laukur	nkeo
og	og	c
sellerírót	sellerírót	nveo
í	í	af
fína	fínn	lkfosf
teninga	teningur	nkfo
.	.	pl

Hitið	hita	sbg2fn
upp	upp	aa
ISIO4	isio4	x
olíuna	olía	nveog
í	í	af
litlum	lítill	lkeþsf
potti	pottur	nkeþ
á	á	af
hæsta	hár	lkeþve
hita	hiti	nkeþ
.	.	pl

Hrærið	hræra	sbg2fn
humarskelina	humarskel	nveog
út	út	aa
í	í	aa
og	og	c
steikið	steikja	sbg2fn
þar	þar	aa
til	til	aa
greinilegur	greinilegur	lkensf
humarilmur	humarilmur	nken
stígur	stíga	sfg3en
upp	upp	aa
(	(	pa
3-5	3-5	ta
mín	mín.	x
)	)	pa
.	.	pl

Bætið	bæta	sbg2fn
í	í	aa
sellerírót	sellerírót	nveþ
og	og	c
gulrót	gulrót	nveþ
og	og	c
steikið	steikja	sbg2fn
í	í	af
4-5	4-5	ta
mín	mín.	x
,	,	pk
hrærið	hræra	sbg2fn
í	í	aa
öðruhvoru	öðruhvoru	x
.	.	pl

Bætið	bæta	sbg2fn
lauknum	laukur	nkeþg
í	í	aa
og	og	c
evt	evt	x
meiri	mikill	lveþvm
olíu	olía	nveþ
.	.	pl

Steikið	steikja	sbg2fn
áfram	áfram	aa
í	í	af
4-5	4-5	ta
mín.	mín.	kt

Setjið	setja	sbg2fn
1-2	1-2	ta
msk	msk	ks
tómatpure	tómatpure	n-en
útí	útí	aa
og	og	c
steikið	steikja	sbg2fn
í	í	af
2-3	2-3	ta
mín	mín.	x
,	,	pk
hrærið	hræra	sbg2fn
í	í	aa
(	(	pa
mynd	mynd	nven
5.	5.	ta
)	)	pa
.	.	pl

Bætið	bæta	sbg2fn
við	við	aa
7,5	7,5	ta
dl	dl	ks
af	af	af
vatni	vatn	nheþ
,	,	pk
2	2	ta
msk	msk	ks
Touch	Touch	e
of	of	e
Taste	Taste	e
hummerfond	hummerfond	e
,	,	pk
1	1	ta
msk	msk	ks
Fiskfond	Fiskfond	e
og	og	c
setjið	setja	sbg2fn
fiskroðið	fiskroð	nheog
út	út	aa
í	í	aa
.	.	pl

Sjóðið	sjóða	sbg2fn
upp	upp	aa
á	á	aa
og	og	c
lækkið	lækka	sbg2fn
síðan	síðan	aa
hitann	hiti	nkeog
á	á	af
meðalhita	meðalhiti	nkeo
.	.	pl

Látið	láta	sbg2fn
malla	malla	sng
í	í	af
25-30	25-30	ta
mín	mín.	x
(	(	pa
mynd	mynd	nven
6.	6.	ta
)	)	pa
.	.	pl

Siktið	sigta	x
allt	allur	foheo
frá	frá	aa
og	og	c
látið	láta	sbg2fn
soðið	soð	nheog
sjóða	sjóða	sng
saman	saman	aa
með	með	af
rjómanum	rjómi	nkeþg
í	í	af
háum	hár	lkeþsf
potti	pottur	nkeþ
þar	þar	aa
til	til	aa
eftirstanda	eftirstanda	sfg3fn
ca	ca	ks
3,5	3,5	ta
-	-	m
4	4	ta
dl	dl	ks
sósa	sósa	nven
.	.	pl

Hrærið	hræra	sbg2fn
í	í	aa
öðruhvoru	öðruhvoru	x
.	.	pl

Kryddið	krydda	sbg2fn
með	með	af
salti	salt	nheþ
og	og	c
cayennepipar	cayennepipar	nkeþ
og	og	c
evt	evt	x
meira	mikill	lheþvm
af	af	af
Touch	Touch	e
of	of	e
Taste	Taste	e
.	.	pl

Undirbúningur	undirbúningur	nken
-	-	pa
kartöflumús	kartöflumús	nven
:	:	pa

Flysjið	flysja	sbg2fn
og	og	c
sjóðið	sjóða	sbg2fn
kartöflurnar	kartafla	nvfog
,	,	pk
hellið	hella	sbg2fn
vatninu	vatn	nheþg
frá	frá	aa
,	,	pk
maukið	mauka	sbg2fn
og	og	c
hrærið	hræra	sbg2fn
smjörva	smjörvi	nkeþ
og	og	c
eggjarauðunum	eggjarauða	nvfþg
saman	saman	aa
við	við	aa
.	.	pl

Þegar	þegar	c
kartöflurnar	kartafla	nvfng
eru	vera	sfg3fn
komnar	koma	sþgvfn
í	í	af
slétt	sléttur	lheosf
mauk	mauk	nheo
er	vera	sfg3en
salti	salt	nheþ
,	,	pk
pipar	pipar	nkeþ
og	og	c
múskati	múskat	nheþ
hrært	hræra	sþghen
út	út	aa
í	í	aa
.	.	pl

(	(	pa
Svona	svona	aa
nota	nota	sfg1en
ég	ég	fp1en
múskat	múskat	nheo
:	:	pa
Dreifið	dreifa	sbg2fn
múskati	múskat	nheþ
yfir	yfir	af
yfirborðið	yfirborð	nheog
svipað	svipað	aa
og	og	c
þegar	þegar	c
steik	steik	nven
er	vera	sfg3en
pipruð	pipra	sþgven
)	)	pa
.	.	pl

Hrærið	hræra	sbg2fn
öllu	allur	foheþ
vel	vel	aa
saman	saman	aa
.	.	pl

Léttsoðin	léttsoðinn	lkensf
fiskur	fiskur	nken
í	í	af
hvítvíni	hvítvín	nheþ
:	:	pa

Smyrjið	smyrja	sbg2fn
botn	botn	nkeo
og	og	c
hliðar	hlið	nvfo
á	á	af
potti	pottur	nkeþ
með	með	af
smjörva	smjörvi	nkeþ
.	.	pl

Kryddið	krydda	sbg2fn
fiskflökin	fiskflak	nhfog
létt	létt	aa
með	með	af
salti	salt	nheþ
og	og	c
hvítum	hvítur	lkeþsf
pipar	pipar	nkeþ
,	,	pk
rúllið	rúlla	sbg2fn
þeim	það	fphfþ
upp	upp	aa
og	og	c
leggið	leggja	sbg2fn
þétt	þétt	aa
saman	saman	aa
í	í	af
pottinn	pottur	nkeog
.	.	pl

Setjið	setja	sbg2fn
vínið	vín	nheog
útí	útí	aa
(	(	pa
mynd	mynd	nven
7.	7.	ta
)	)	pa
og	og	c
humarinn	humar	nkeog
ofaná	ofaná	af
(	(	pa
mynd	mynd	nven
8.	8.	ta
)	)	pa
og	og	c
látið	láta	sbg2fn
sjóða	sjóða	sng
upp	upp	aa
á	á	aa
undir	undir	af
loki	lok	nheþ
.	.	pl

Þegar	þegar	c
suðan	suða	nveng
er	vera	sfg3en
komið	koma	x
upp	upp	aa
á	á	af
vökvanum	vökvi	nkeþg
-	-	pa
lækkið	lækka	sbg2fn
þá	þá	aa
hitann	hiti	nkeog
og	og	c
látið	láta	sbg2fn
malla	malla	sng
í	í	af
6-7	6-7	ta
mín	mín.	x
-	-	pa
alls	allur	fohee
ekki	ekki	aa
lengur	lengi	aam
.	.	pl

Takið	taka	sbg2fn
til	til	af
hliðar	hlið	nvee
.	.	pl

Lokahönd	lokahönd	nven
á	á	af
sósu	sósa	nveo
og	og	c
flamberaðir	flamberaður	lkfnsf
sveppir	sveppur	nkfn
:	:	pa

Hreinsið	hreinsa	sbg2fn
sveppina	sveppur	nkfog
og	og	c
skerið	skera	sbg2fn
stilkana	stilkur	nkfog
frá	frá	aa
.	.	pl

Steikið	steikja	sbg2fn
hatta	hattur	nkfo
og	og	c
stilka	stilkur	nkfo
í	í	af
örlitlum	örlítill	lkeþsf
smjörva	smjörvi	nkeþ
á	á	af
pönnu	panna	nveþ
.	.	pl

Kryddið	krydda	sbg2fn
létt	létt	aa
með	með	af
salti	salt	nheþ
og	og	c
pipar	pipar	nkeþ
.	.	pl

Hækkið	hækka	sbg2fn
hitann	hiti	nkeog
á	á	af
hæsta	hár	lkeove
hita	hiti	nkeo
,	,	pk
hellið	hella	sbg2fn
koníakinu	koníak	nheþg
útí	útí	aa
,	,	pk
hallið	halla	sbg2fn
pönnunni	panna	nveþg
og	og	c
kveikið	kveikja	sbg2fn
í	í	af
koníakinu	koníak	nheþg
.	.	pl

Hristið	hrista	sbg2fn
pönnuna	panna	nveog
þar	þar	aa
til	til	aa
áfengið	áfengi	nheng
hefur	hafa	sfg3en
gufað	gufa	sþghen
upp	upp	aa
.	.	pl

Takið	taka	sbg2fn
sveppahattana	sveppahattur	nkfog
frá	frá	aa
og	og	c
setjið	setja	sbg2fn
stilkana	stilkur	nkfog
og	og	c
koníakssoðið	koníakssoð	nheog
út	út	aa
í	í	af
sósuna	sósa	nveog
og	og	c
sjóðið	sjóða	sbg2fn
upp	upp	aa
á	á	aa
.	.	pl

Siktið	sikta	sbg2fn
soðið	soð	nheog
frá	frá	af
fisk	fiskur	x
og	og	c
humarpottinum	humarpottur	nkeþg
einnig	einnig	aa
útí	útí	af
sósuna	sósa	nveog
og	og	c
látið	láta	sbg2fn
malla	malla	sng
saman	saman	aa
á	á	aa
meðan	meðan	c
kartöflumúsin	kartöflumús	nveng
er	vera	sfg3en
forgratineruð	frogratíneraður	lvensf
.	.	pl

Kryddið	krydda	sbg2fn
með	með	af
salti	salt	nheþ
og	og	c
cayennepipar	cayennepipar	nkeþ
og	og	c
evt	evt	x
1-2	1-2	ta
msk	msk	ks
af	af	af
hvítvíni	hvítvín	nheþ
.	.	pl

Uppröðun	uppröðun	nven
á	á	af
réttinum	réttur	nkeþg
:	:	pa

Smyrjið	smyrja	sbg2fn
eldfast	eldfastur	lheosf
fat	fat	nheo
2-2,5	2-2,5	ta
lítra	lítri	nkfe
og	og	c
spautið	sprauta	sbg2fn
kartöflumúsinni	kartöflumús	nveþg
meðfram	meðfram	af
kantinum	kantur	nkeþg
.	.	pl

Gratinera	gratínera	x
í	í	af
ofni	ofn	nkeþ
á	á	af
275	275	ta
-	-	m
300°	300°	ta
í	í	af
2-3	2-3	ta
mín.	mín.	kt

Takið	taka	sbg2fn
fatið	fat	nheog
út	út	aa
og	og	c
þekið	þekja	sbg2fn
botninn	botn	nkeog
með	með	af
þunnu	þunnur	lheþsf
lagi	lag	nheþ
af	af	af
sósu	sósa	nveþ
.	.	pl

Leggið	leggja	sbg2fn
fiskinn	fiskur	nkeog
í	í	aa
og	og	c
þekið	þekja	sbg2fn
með	með	af
sveppahöttum	sveppahattur	nkfþ
og	og	c
humar	humar	nkeþ
.	.	pl

Hellið	hella	sbg2fn
restinni	rest	nveþg
af	af	af
sósunni	sósa	nveþg
yfir	yfir	aa
og	og	c
gratinerið	gratínera	x
í	í	af
ca	ca	ks
3-5	3-5	ta
mínútur	mínúta	nvfo
.	.	pl

Þegar	þegar	c
rétturinn	réttur	nkeng
er	vera	sfg3en
borin	bera	x
fram	fram	aa
er	vera	sfg3en
hægt	hægur	lhensf
að	að	cn
skreyta	skreyta	sng
hann	hann	fpkeo
með	með	af
humarskeljunum	humarskel	nvfþg
eins	eins	aa
og	og	c
gert	gera	sþghen
var	vera	sfg3eþ
áður	áður	aa
fyrr	fyrr	aam
eða	eða	c
bera	bera	sng
fram	fram	aa
eins	eins	aa
og	og	c
ég	ég	fp1en
gerði	gera	sfg1eþ
á	á	af
einfaldan	einfaldur	lkeosf
«	«	pg
rustik	rustik	e
»	»	pg
hátt	háttur	nkeo
.	.	pl

Fréttabréf	fréttabréf	nhen
nr	nr.	ks
57	57	ta
-	-	pa
1.	1.	ta
ágúst	ágúst	nkeo
2006	2006	ta
.	.	pl

Í	í	af
dag	dagur	nkeo
er	vera	sfg3en
víða	víða	aa
hægt	hægur	lhensf
að	að	cn
finna	finna	sng
ráðleggingar	ráðlegging	nvfo
varðandi	varða	slg
grill	grill	nhfo
.	.	pl

Þannig	þannig	aa
að	að	c
að	að	c
ég	ég	fp1en
hugsaði	hugsa	sfg1eþ
-	-	pa
hverju	hver	fsheþ
get	geta	sfg1en
ég	ég	fp1en
bætt	bæta	sþghen
við	við	aa
?	?	pl

Hvað	hver	fshen
með	með	af
nokkra	nokkur	fokfo
einfalda	einfaldur	lkfosf
smárétti	smáréttur	nkfo
sem	sem	ct
má	mega	sfg3en
jafnframt	jafnframt	aa
nota	nota	sng
sem	sem	c
forrétti	forréttur	nkfo
,	,	pk
meðlæti	meðlæti	nheo
eða	eða	c
eftirrétti	eftirréttur	nkfo
?	?	pl

Varðandi	varða	slg
grillunina	grillun	nveog
sjálfa	sjálfur	fbveo
þá	þá	aa
bendi	benda	sfg1en
ég	ég	fp1en
á	á	af
Fréttabréf	fréttabréf	nheo-s
nr	nr.	ks
10	10	ta
en	en	c
í	í	af
því	það	fpheþ
eru	vera	sfg3fn
uppskriftir	uppskrift	nvfn
að	að	af
spennandi	spennandi	lvfþof
marineringum	marinering	nvfþ
svo	svo	aa
sem	sem	c
Grískri	grískur	lveþsf
grillmarineringu	grillmarinering	nveþ
fyrir	fyrir	af
lambkjöt	lambakjöt	nheo
,	,	pk
Bjór	bjór	nken
og	og	c
sinnepsmarineringu	sinnepsmarinering	nveþ
fyrir	fyrir	af
lambkjöt	lambakjöt	nheo
,	,	pk
Thai	Thai	n----s
marinering	marinering	nven
fyrir	fyrir	af
lambkjöt	lambakjöt	nheo
,	,	pk
Kryddkrem	kryddkrem	nhen
fyrir	fyrir	af
lambsatay	lambasatay	n-eo
.	.	pl

Gullin	gullinn	lvensf
Melba	Melba	e
með	með	af
gráðaostatónum	gráðaostatónn	nkfþ

Frumsamið	frumsemja	sþghen
af	af	af
Sænska	sænskur	lkeþvf
kokknum	kokkur	nkeþg
fyrir	fyrir	af
gjordusvovel.is	gjordusvovel.is	v
Í	í	af
raun	raun	nveþ
er	vera	sfg3en
þetta	þessi	fahen
forréttur	forréttur	nken
en	en	c
fer	fara	sfg3en
engu	enginn	foheþ
að	að	aa
síður	síður	aam
mjög	mjög	aa
vel	vel	aa
með	með	af
grilluðu	grillaður	lheþsf
lambakjöti	lambakjöt	nheþ
og	og	c
salati	salat	nheþ
.	.	pl

Hráefni	hráefni	nhen
:	:	pa
1	1	ta
pakki	pakki	nken
af	af	af
Melba	Melba	n----s
Toast	Toast	e
-	-	pa
2	2	ta
-	-	m
3	3	ta
pokar	poki	nkfn
af	af	af
Hagvers	Hagvers	n----s
döðlum	daðla	nvfþ
,	,	pk
sveskjum	sveskja	nvfþ
,	,	pk
aprikósur	apríkósa	x
eða	eða	c
fíkjum	fíkja	nvfþ
-	-	pa
Gráðaostur	gráðaostur	nken
-	-	pa
Gullostur	gullostur	nken
Setjið	setja	sbg2fn
eins	eins	aa
margar	margur	lvfosf
Melba	Melba	n----s
Toast	Toast	e
sneiðar	sneið	nvfo
á	á	af
bökunarplötu	bökunarplata	nveo
og	og	c
þið	þú	fp2fn
ætlið	ætla	sfg2fn
að	að	cn
bera	bera	sng
fram	fram	aa
.	.	pl
